YEAR,MO,DY,T2M,QV2M,PRECTOTCORR,WS10M_RANGE,PS
2015,1,1,6.34,5.68,1.33,6.62,102.08
2015,1,2,6.15,4.82,0.64,7.57,102.16
2015,1,3,2.57,4.27,9.08,5.04,101.91
2015,1,4,-0.8,3.36,0.15,2.97,102.95
2015,1,5,4.26,5,0.46,1.33,102.4
2015,1,6,4.8,5.19,0.78,2.93,101.6
2015,1,7,4.54,4.88,1.27,6.59,101.72
2015,1,8,6.84,5.86,2.25,5.73,101.44
2015,1,9,9.78,6.84,1.24,5.27,100.93
2015,1,10,7.86,5.49,0.97,8.62,100.55
2015,1,11,3.65,4.33,0.42,1.63,101.26
2015,1,12,8.58,6.41,9.99,8.76,100.27
2015,1,13,6.07,5.37,8.03,4.45,99.62
2015,1,14,2.87,4.21,2.22,8.34,99.8
2015,1,15,6.73,5.19,4.36,6.95,98.42
2015,1,16,2.21,4.09,0.08,8.46,99.86
2015,1,17,0,3.6,2.64,3.38,100.67
2015,1,18,0.02,3.78,2.53,3,100.71
2015,1,19,-0.65,3.48,0.36,1.73,100.92
2015,1,20,-0.17,3.48,0.17,4.79,100.67
2015,1,21,1.3,3.72,0.46,3.49,100.59
2015,1,22,-0.11,3.23,0.01,2.38,101.65
2015,1,23,0.3,3.48,2.73,8.11,101.87
2015,1,24,1.91,4.09,4.29,3.91,101.9
2015,1,25,3.04,4.33,0.58,1.91,102.33
2015,1,26,5.38,5.07,1.24,3.03,101.73
2015,1,27,3.68,4.64,0.19,3.35,101.95
2015,1,28,4.38,4.52,1.73,7.51,99.72
2015,1,29,1.03,3.85,2.01,5.7,97.73
2015,1,30,0.58,3.91,0.43,3.73,97.22
2015,1,31,1.07,3.97,3.9,7.45,97.79
2015,2,1,2.12,4.09,4.48,5.02,99.09
2015,2,2,-1.09,3.23,1.13,4.31,99.93
2015,2,3,1.25,3.85,1.48,4.03,100.34
2015,2,4,1.73,4.03,0.9,3.37,101.42
2015,2,5,1.42,3.48,0.75,3.99,102.19
2015,2,6,0.55,3.17,0.01,4.48,102.84
2015,2,7,3.01,4.39,0.52,3.62,103.15
2015,2,8,4.17,4.39,0.14,4.67,103.21
2015,2,9,3.48,4.52,0.29,3.66,102.91
2015,2,10,3.42,4.39,0.19,2.17,102.83
2015,2,11,3.08,4.15,0.36,2.57,102.1
2015,2,12,1.8,3.85,0.58,2.8,101.58
2015,2,13,4.76,5.07,1.4,7.09,100.18
2015,2,14,6.76,5.62,0.53,3.56,100.09
2015,2,15,5.11,5,0.08,2.48,101.01
2015,2,16,5.19,5.07,3.75,4.8,101.23
2015,2,17,3.2,3.85,0.42,3.4,102.98
2015,2,18,3.5,4.09,0.01,4.38,103.13
2015,2,19,5.29,4.82,7.39,5.56,101.55
2015,2,20,4.15,4.64,2.17,3.5,100.09
2015,2,21,2.05,3.97,1.08,3.13,99.58
2015,2,22,2.74,4.15,6.26,11.05,99.69
2015,2,23,3.98,4.27,0.19,4.05,98.52
2015,2,24,4.27,4.21,0.53,4.13,99.73
2015,2,25,5.01,4.88,0.78,4.75,100.97
2015,2,26,6.69,5.74,8.79,3.78,100.65
2015,2,27,2.72,3.72,0.02,3.19,101.33
2015,2,28,5.49,5.31,2.19,6.74,100.27
2015,3,1,7.15,4.94,0.99,4.41,99.21
2015,3,2,3.09,3.66,0.06,5.64,100.05
2015,3,3,2.69,3.72,0.78,3.12,100.94
2015,3,4,3.4,3.97,0.1,5.86,102.25
2015,3,5,5.26,4.33,0.05,3.75,103.25
2015,3,6,6.09,4.7,0,3.36,102.82
2015,3,7,7.7,5.25,0.01,2.71,101.91
2015,3,8,6.8,5.62,0.7,4.2,101.79
2015,3,9,6.59,5.37,0.95,7.62,102.01
2015,3,10,5.76,4.27,0.01,3.41,102.55
2015,3,11,4.29,3.91,0.03,5.56,102.54
2015,3,12,5.94,4.33,0,6.24,102.27
2015,3,13,5.15,4.52,0,2.7,102.1
2015,3,14,4.23,4.09,0.15,3.62,102.67
2015,3,15,5.19,4.76,0.77,3.12,102.47
2015,3,16,5.48,4.76,0.58,3.66,102.06
2015,3,17,5.52,5,1.09,4.57,102.21
2015,3,18,5.61,4.88,0.3,2.66,102.74
2015,3,19,5.93,5,0.46,2.92,102.8
2015,3,20,6.48,5.07,0.34,3.79,102.24
2015,3,21,5.5,4.7,0.6,5.86,102.04
2015,3,22,4.16,3.91,0.27,2.62,102.18
2015,3,23,5.21,4.64,0.41,3.85,101.08
2015,3,24,5.44,4.7,1.28,3.16,100.49
2015,3,25,3.88,4.21,0.38,5.81,100.63
2015,3,26,4.92,4.64,9.02,7.07,100.01
2015,3,27,5.73,4.15,0.01,6.65,101.34
2015,3,28,9.12,6.59,1.63,9.09,100.51
2015,3,29,8.6,5.98,6.23,8.01,99.18
2015,3,30,6.8,4.64,7.51,6.59,99.82
2015,3,31,7.98,4.58,0.75,4.84,99.78
2015,4,1,6.14,4.21,1.92,5.41,101.31
2015,4,2,5.94,4.03,0.66,6.63,101.52
2015,4,3,5.24,5.07,3.53,5.27,101.36
2015,4,4,5.88,4.76,1.29,5.02,101.8
2015,4,5,7.01,4.76,0.11,2.27,102.32
2015,4,6,6.08,5,0.09,4.57,102.82
2015,4,7,7.55,5.31,0,2.51,103.21
2015,4,8,8.44,5.49,0.03,2.37,102.96
2015,4,9,8.19,5.43,0.17,2.36,102.32
2015,4,10,9.13,5.68,0.01,3.55,101.44
2015,4,11,8.38,5.13,1.65,6.27,101.28
2015,4,12,8.58,4.94,0.9,8.18,102.02
2015,4,13,8.32,5.13,0.04,3.16,102.59
2015,4,14,12.11,6.77,0.07,3.8,101.96
2015,4,15,12.62,7.02,0.06,4.19,101.28
2015,4,16,8.48,5,0.02,3.06,101.31
2015,4,17,7.74,4.76,0.01,3.34,101.82
2015,4,18,6.98,4.64,0,2.95,102.5
2015,4,19,6.87,4.88,1.11,3.41,102.06
2015,4,20,8.2,5.25,0.01,2.55,102.67
2015,4,21,8.23,5.25,0,2.95,103.06
2015,4,22,8.01,5.74,0.06,3.79,102.68
2015,4,23,8.1,5.31,0.04,1.98,101.64
2015,4,24,11.12,6.59,0.2,3.47,100.61
2015,4,25,11.82,7.2,5.44,4.61,100.08
2015,4,26,7.39,4.76,3.87,2.44,100.42
2015,4,27,6.66,3.78,0.13,3.81,100.68
2015,4,28,7.01,4.03,0.16,4.67,101.06
2015,4,29,7.67,5,4.36,7.67,100.8
2015,4,30,6.84,4.76,0.84,5.11,100.65
2015,5,1,5.59,4.21,0.01,2.84,100.75
2015,5,2,7.48,4.88,0.03,4.53,100.69
2015,5,3,12.18,7.87,11.09,2.2,99.43
2015,5,4,12.99,6.96,5.09,3.48,99.79
2015,5,5,13.2,7.2,5.73,8.69,99.03
2015,5,6,10.63,6.41,2.7,6.75,99.85
2015,5,7,10.56,6.35,1.39,4.29,101.08
2015,5,8,11.51,6.41,0.58,5.51,100.97
2015,5,9,12,6.53,0.55,10.55,101.02
2015,5,10,11.91,6.65,0,5.32,101.86
2015,5,11,15.33,8.54,0.06,3.05,101.3
2015,5,12,11.9,5.98,1.25,5.34,101.36
2015,5,13,10.24,5.62,0.02,2.15,101.51
2015,5,14,8.25,5.37,0.3,5.02,101.05
2015,5,15,9.9,5.25,0.03,3.77,101.61
2015,5,16,12.23,6.1,0.85,5.55,101.82
2015,5,17,11.07,5.62,0.05,4.09,101.87
2015,5,18,10.08,6.23,10.81,5.6,100.08
2015,5,19,8.5,5.49,2.12,5.56,99.9
2015,5,20,9.36,5.49,0.82,3.95,101.1
2015,5,21,11.81,6.23,0.03,2.89,102.03
2015,5,22,14.3,8,0.44,2.1,101.98
2015,5,23,11.88,6.59,0.16,3.27,102.03
2015,5,24,12.15,7.39,1.53,2.91,101.51
2015,5,25,11.14,6.04,0.18,4.9,101.43
2015,5,26,12.92,6.84,0.15,3.93,101.81
2015,5,27,12.44,6.47,0.6,3.84,101.64
2015,5,28,11.91,5.8,0.14,5.38,100.84
2015,5,29,9.96,5.98,6.69,6.37,100.26
2015,5,30,11.02,5.49,0.28,2.98,100.82
2015,5,31,11.89,7.2,5.83,6.5,100.24
2015,6,1,10.21,5.62,1.82,9.42,100.7
2015,6,2,14.7,8.06,1.74,6.89,99.88
2015,6,3,14.02,6.47,0.02,7.26,101.62
2015,6,4,14.05,6.96,0,4.05,102.07
2015,6,5,17.01,9.89,5.17,3.12,101.16
2015,6,6,12.77,5.86,0,4.95,101.93
2015,6,7,12.47,5.74,0,4.74,102.74
2015,6,8,11.15,5.62,0.02,5.96,102.96
2015,6,9,10.44,5.31,0.12,3.99,102.94
2015,6,10,11.69,6.16,0.05,2.87,102.56
2015,6,11,13.9,7.26,0.01,3.18,101.71
2015,6,12,16.33,8.91,0.08,3.36,100.66
2015,6,13,14.15,8.85,1.93,4.93,100.43
2015,6,14,12.82,8.12,2.87,5.34,100.96
2015,6,15,11.62,5.43,0.01,3.21,101.86
2015,6,16,14.44,6.96,0.01,4.03,102.1
2015,6,17,17.69,10.19,2.33,3.77,101.64
2015,6,18,13.85,6.96,0.09,3.7,101.56
2015,6,19,12.87,7.14,0.88,3.69,101.63
2015,6,20,13.74,8.36,2.03,2.17,101.59
2015,6,21,14.71,8.12,1.45,4.32,101
2015,6,22,12.31,7.08,5.26,2.86,100.51
2015,6,23,12.35,7.26,0.47,5.09,101.28
2015,6,24,16.36,8.61,0.09,2.96,101.52
2015,6,25,17.5,9.34,0.05,2.64,101.65
2015,6,26,18.01,9.4,0.53,3.15,101.21
2015,6,27,17.56,8.79,0.13,3.94,101.41
2015,6,28,16.38,9.16,0.45,4.38,101.44
2015,6,29,17.23,8.79,0.03,2.69,101.72
2015,6,30,17.86,8.91,0,2.72,101.63
2015,7,1,21.23,11.41,1.92,4.02,101.06
2015,7,2,20.25,11.47,1.88,5.14,101.43
2015,7,3,18.19,10.31,0.78,4.27,102.01
2015,7,4,21.29,11.9,1.32,4.63,101.32
2015,7,5,17.28,9.52,13.01,5.01,101.3
2015,7,6,16.81,8.36,0,2.14,101.37
2015,7,7,17.1,8.79,1.18,5.78,100.39
2015,7,8,14.93,8.42,4.23,5.93,100.54
2015,7,9,14.64,7.2,0.34,4.34,101.74
2015,7,10,17.3,8.42,0,3.38,101.59
2015,7,11,18.9,9.64,0.61,3.25,101.14
2015,7,12,17.23,10.01,2.99,5.43,101.12
2015,7,13,17.26,10.62,2.34,4.55,100.92
2015,7,14,18.26,10.68,2.04,3.98,101.2
2015,7,15,17.73,10.31,2.83,4.34,101.36
2015,7,16,16.55,8.18,1.06,3.72,101.36
2015,7,17,18.91,9.77,0.36,7.9,100.63
2015,7,18,16.11,7.57,0,4.15,101.13
2015,7,19,16.33,7.87,3.67,8.51,100.59
2015,7,20,18,10.5,0.98,7.32,100.54
2015,7,21,18.5,9.09,0.04,3.63,100.7
2015,7,22,16.51,8.91,2.08,4.19,100.98
2015,7,23,15.94,7.75,0.14,4.58,101.24
2015,7,24,15.35,8.91,20.01,6.84,100.57
2015,7,25,13.65,7.51,51.06,15.71,100.51
2015,7,26,13.52,8.42,11.1,7.44,100.15
2015,7,27,16.1,9.4,5.37,4.5,99.33
2015,7,28,14.02,8.12,2.33,6.46,99.93
2015,7,29,13.16,7.26,1.44,5.03,100.55
2015,7,30,12.48,7.32,4.31,2.85,101.34
2015,7,31,13.85,7.2,0.1,3.44,101.47
2015,8,1,15.73,7.93,0.03,2.52,101.21
2015,8,2,16.23,8.73,0.02,3.89,101.35
2015,8,3,19.21,10.68,0.88,3.89,100.67
2015,8,4,17.07,8.36,0.13,4.16,100.8
2015,8,5,16.05,8.73,0.01,4.07,101
2015,8,6,17.87,9.89,0.51,4.37,100.84
2015,8,7,16.82,9.09,0.05,3.2,101.46
2015,8,8,16.98,8.61,0,2.45,101.96
2015,8,9,18.28,9.46,0.02,2.39,101.57
2015,8,10,19.05,10.99,0.48,4.37,101.24
2015,8,11,16.18,8.73,0.19,2.23,101.65
2015,8,12,16.4,8.91,1.46,3.34,102.02
2015,8,13,18.24,10.68,0.7,3.12,101.18
2015,8,14,19.65,12.15,2.51,4.8,100.13
2015,8,15,15.76,8.61,0.8,3.86,100.73
2015,8,16,14.63,7.08,0.01,1.44,101.34
2015,8,17,14.77,7.26,0.34,4.3,101.27
2015,8,18,14,8.54,11.54,3.84,100.85
2015,8,19,16.72,9.03,0.31,4.02,101.3
2015,8,20,18.51,11.11,2.69,2.95,101.57
2015,8,21,20.01,11.84,0.95,4.59,101.59
2015,8,22,20.19,11.05,0.05,6.77,101.17
2015,8,23,18.56,10.25,3.9,8.52,100
2015,8,24,14.73,9.52,15.5,5.99,99.63
2015,8,25,14.91,8.85,4.34,2.33,100.27
2015,8,26,17.15,11.17,10.62,6.67,99.99
2015,8,27,15.05,8.24,0.86,4.11,100.26
2015,8,28,14.9,7.51,0.02,3.61,101.18
2015,8,29,15.95,8.67,6.23,3.7,101.62
2015,8,30,15.39,9.7,16.2,2.93,101.44
2015,8,31,14.69,9.77,23.59,3.91,100.93
2015,9,1,14.02,7.81,0.74,3.71,101.27
2015,9,2,12.44,7.08,1.45,3.21,101.29
2015,9,3,11.32,6.65,0.98,2.55,101.07
2015,9,4,11.41,7.08,2.17,5.87,101.17
2015,9,5,11.7,6.35,1.03,4.84,101.66
2015,9,6,11.84,6.29,0.04,4.61,102.31
2015,9,7,12.32,7.81,0.42,4.27,102.58
2015,9,8,12.7,7.69,0.6,1.62,102.41
2015,9,9,14.02,7.75,0.32,3.89,102.03
2015,9,10,14.3,7.57,0,3.7,101.85
2015,9,11,14.81,7.93,0.01,3.52,101.28
2015,9,12,16.13,9.16,2.99,6.31,100.4
2015,9,13,11.37,6.96,6.87,2.91,100.24
2015,9,14,13.13,8,3.58,9.09,99.12
2015,9,15,12.33,7.75,1.57,4.84,99.15
2015,9,16,12.9,8.36,26.26,6.68,98.57
2015,9,17,12.97,7.45,0.77,3.96,99.46
2015,9,18,12.52,8,5.95,3.29,100.74
2015,9,19,12.83,6.96,0.08,4.53,102
2015,9,20,13.54,7.81,0.05,2.33,101.95
2015,9,21,12.59,8.24,8.14,3.24,100.68
2015,9,22,10.95,6.9,1.41,5.21,99.8
2015,9,23,12.74,7.14,2.35,3.46,100.55
2015,9,24,13.06,7.32,3.39,3.94,100.9
2015,9,25,11.05,6.23,0.06,3.59,101.83
2015,9,26,11.36,6.59,0.07,2.23,102.5
2015,9,27,11.62,6.96,0.01,1.67,103.08
2015,9,28,12.18,7.45,0.04,1.95,103.37
2015,9,29,12.43,7.2,0.01,2.88,103.28
2015,9,30,12.65,6.9,0.05,3.38,103.09
2015,10,1,12,7.26,0.01,2.97,102.86
2015,10,2,11.3,7.57,0.02,1.48,102.13
2015,10,3,12.1,7.39,0.02,2.88,101.12
2015,10,4,11.53,6.96,0.26,2.39,101.01
2015,10,5,13.64,9.34,7.73,4.06,100.26
2015,10,6,15.29,10.25,17.41,4.48,99.49
2015,10,7,12.58,8.18,2.39,5.98,100.27
2015,10,8,10.3,6.29,0.02,3.59,101.64
2015,10,9,10.55,6.59,0.01,3.04,101.95
2015,10,10,11.55,7.45,0.58,2.57,101.73
2015,10,11,9.65,5.43,0,3.54,101.49
2015,10,12,9.15,5.37,0.19,2.55,101.55
2015,10,13,9.39,5.13,0.16,4.27,101.9
2015,10,14,9.81,6.1,3.37,5.48,101.84
2015,10,15,9.62,6.47,2.63,3.88,101.71
2015,10,16,11.11,7.08,2.67,1.68,101.7
2015,10,17,10.65,7.02,2.82,4.84,101.56
2015,10,18,10.99,7.32,1.2,2.55,101.71
2015,10,19,10.81,6.77,0.23,2.02,102.05
2015,10,20,9.36,5.98,0.14,3.98,102.12
2015,10,21,10.21,7.51,6.39,4.24,101.16
2015,10,22,10.39,6.65,0.1,4.95,101.15
2015,10,23,8.89,6.04,0.13,3.05,101.64
2015,10,24,10.62,7.2,2.22,2.91,101.07
2015,10,25,6.16,5.25,0.02,3.84,102.03
2015,10,26,10.26,7.32,0.17,3.49,101.24
2015,10,27,11.74,8.54,0.19,2.63,100.74
2015,10,28,11.09,8.24,6.91,2.72,100.31
2015,10,29,11.44,7.81,0.59,5.2,100.93
2015,10,30,12.55,8.18,2.46,4.25,101.57
2015,10,31,10.62,7.57,0.05,3.01,101.95
2015,11,1,9.6,7.45,0.23,1.52,102.47
2015,11,2,9.52,7.63,0.36,2.51,102.06
2015,11,3,10.46,7.45,0.21,2.55,101.31
2015,11,4,11.12,8.18,5.38,3.27,100.97
2015,11,5,12.36,8.61,10.71,4.27,100.88
2015,11,6,13.67,9.34,4.48,4.02,100.95
2015,11,7,13.36,8.97,6.34,10.45,101.29
2015,11,8,11.3,8.12,0.41,7.92,101.53
2015,11,9,10.87,7.26,2.24,8.36,101.34
2015,11,10,13.9,8.91,1.8,2.54,101.44
2015,11,11,12.07,7.87,0.1,2.52,101.48
2015,11,12,11.26,7.57,0.22,5.02,101.52
2015,11,13,8.16,5.49,0.43,5.03,101.36
2015,11,14,8.12,6.23,8.75,5.6,101.43
2015,11,15,13.58,8.42,1.16,4.96,100.39
2015,11,16,10.87,6.84,2.07,6,100.34
2015,11,17,10.62,7.39,5.43,15.3,99.64
2015,11,18,10.2,6.65,0.66,10.74,100.37
2015,11,19,8.78,6.35,0.65,6.52,100.57
2015,11,20,5.48,4.88,0.24,3.22,100.05
2015,11,21,3.58,4.39,4.99,7.34,99.85
2015,11,22,1.98,3.91,0.96,2.82,100.97
2015,11,23,2.26,4.03,0.58,5.02,101.79
2015,11,24,5.65,5.49,9.21,4.28,100.53
2015,11,25,4.68,5,0.59,3.16,100.52
2015,11,26,4.68,5.19,0.35,2.49,101.39
2015,11,27,8.55,6.65,2.6,5.38,100.48
2015,11,28,4.65,4.88,1.58,4.85,100.31
2015,11,29,8.7,5.98,0.84,6.27,100.03
2015,11,30,7.44,5.92,10.64,10.95,100.8
2015,12,1,7.82,6.23,1.83,7.39,101.61
2015,12,2,9.93,6.71,0.13,2.16,101.71
2015,12,3,10.08,7.08,2.31,6.58,101.41
2015,12,4,7.59,5.8,1.48,5.45,101.77
2015,12,5,10.45,6.29,0.03,2.85,101.16
2015,12,6,11.45,7.39,1.08,9.94,101.11
2015,12,7,10.48,7.57,1.82,5.08,102.01
2015,12,8,9.26,6.77,4.19,2.33,101.7
2015,12,9,5.82,5.19,0.02,4.95,102.67
2015,12,10,9.52,6.41,4.88,6.42,101.85
2015,12,11,6.3,5.43,0.16,2.18,101.54
2015,12,12,6.37,5.68,10.2,10.75,101.18
2015,12,13,5.74,5.43,2.44,3.12,101.47
2015,12,14,6.55,5.86,0.86,2.63,101.31
2015,12,15,8.59,6.71,4.94,5.02,101.38
2015,12,16,11.76,8.12,1.34,2.77,101.28
2015,12,17,10.75,7.57,0.56,2.34,101.16
2015,12,18,9.39,7.02,0.31,1.69,101.28
2015,12,19,11.94,8,0.4,2.86,100.75
2015,12,20,10.4,7.08,0.14,2.13,100.53
2015,12,21,8.05,6.23,1.59,10.48,100.81
2015,12,22,12.26,8.12,6.16,6.91,100.61
2015,12,23,7.87,5.86,0.17,5.48,101.28
2015,12,24,8.01,6.04,1.6,5.98,100.78
2015,12,25,7.74,6.29,3.08,7.4,101.47
2015,12,26,12.76,7.87,0.08,1.23,101.23
2015,12,27,12.16,8.24,3.65,7.39,101.53
2015,12,28,9.27,6.65,0.1,3.96,101.48
2015,12,29,9.25,6.9,2,4.07,101.4
2015,12,30,9.74,6.29,7.05,5.01,100.76
2015,12,31,7.9,5.68,3.78,5.54,100.68
2016,1,1,5.2,5.07,2.89,8.9,101.45
2016,1,2,8.62,6.53,4.11,7.17,99.69
2016,1,3,6.53,5.86,13.24,10.05,98.79
2016,1,4,6.3,5.92,4.31,3.08,97.91
2016,1,5,6.98,6.23,5.75,4.53,98.17
2016,1,6,6.27,5.98,2.55,3.2,99
2016,1,7,5.76,5.31,11,7.68,98.34
2016,1,8,3.87,4.82,2.85,3.43,99.43
2016,1,9,7.83,6.41,5.54,7.72,98.69
2016,1,10,4.95,5.13,0.34,4.27,98.03
2016,1,11,4.53,5.19,3.54,3.47,97.82
2016,1,12,4.05,4.82,1.4,2.84,98.92
2016,1,13,2.52,4.33,1.17,4.38,100.66
2016,1,14,2.32,4.21,8.12,8.93,99.81
2016,1,15,0.56,3.72,0.87,5.59,101.24
2016,1,16,1.56,3.72,0.21,4.99,102.23
2016,1,17,0.22,3.05,0,4.05,102.18
2016,1,18,0.38,3.11,0,4.38,101.27
2016,1,19,-0.69,3.48,0.17,1.16,101.22
2016,1,20,0.49,3.97,0.34,3.38,101.57
2016,1,21,1.82,3.91,0.11,6.57,101.82
2016,1,22,4.54,4.82,6.57,4.93,101.37
2016,1,23,5.82,5.49,0.81,4.56,102.34
2016,1,24,9.86,7.26,1.47,3.99,102.08
2016,1,25,9.48,6.77,0.18,5.22,101.55
2016,1,26,7.93,6.1,2.06,9.02,101.01
2016,1,27,10.45,7.08,1.13,8.25,100.22
2016,1,28,4.4,4.33,0.1,5.02,101.62
2016,1,29,9.93,6.65,3.2,4.89,100.9
2016,1,30,5.76,4.76,3.08,6.44,100.26
2016,1,31,5.77,5.62,1.97,5.02,100.19
2016,2,1,10.06,6.47,0.35,5.55,100.62
2016,2,2,5.98,4.46,0.03,5.84,100.71
2016,2,3,2.7,4.09,0.23,4.56,101.43
2016,2,4,5.83,5.37,4.34,7.27,101.74
2016,2,5,8.42,6.35,0.56,6.67,101.24
2016,2,6,9.08,6.29,2.28,7.38,99.4
2016,2,7,6.69,5.31,3.19,9.34,98.61
2016,2,8,7.26,5.43,4.07,5.31,97.84
2016,2,9,3.56,4.15,0.32,6.95,98.19
2016,2,10,2.84,4.27,0.25,4.12,98.97
2016,2,11,2.09,3.97,0.1,3.91,99.89
2016,2,12,1.77,4.46,0.81,2.21,99.32
2016,2,13,2.93,4.15,0.17,5.14,98.49
2016,2,14,2.73,3.97,2.03,3.78,99.29
2016,2,15,2.31,3.78,0.65,5.66,101.88
2016,2,16,2.86,3.66,0.02,6.4,102.89
2016,2,17,2.74,3.72,0.94,3.64,101.29
2016,2,18,2.18,3.91,4.18,3.2,100.89
2016,2,19,3.33,4.27,3.36,7.54,101.01
2016,2,20,8.36,6.35,2.48,2.63,100.16
2016,2,21,10.86,7.39,1.43,7.88,100.17
2016,2,22,5.91,4.76,2.49,4.73,100.32
2016,2,23,2.69,4.03,0.55,4.13,101.15
2016,2,24,0.87,3.23,0.07,1.05,101.35
2016,2,25,0.19,3.05,0.07,3.3,101.13
2016,2,26,0.61,2.93,0.01,1.82,100.72
2016,2,27,1.85,3.3,0.01,3.52,100.87
2016,2,28,2.08,3.6,0.01,3.88,101.83
2016,2,29,2.26,3.66,0.01,2.88,102.19
2016,3,1,6.73,5.74,10.65,5.97,100.41
2016,3,2,3.73,4.39,5.96,4.51,99.1
2016,3,3,4.67,4.39,2.27,5.36,99.68
2016,3,4,3.78,3.97,11.62,9.32,98.7
2016,3,5,2.49,4.33,2.73,6.55,99.36
2016,3,6,2.55,4.03,1.54,5.71,99.94
2016,3,7,1.69,3.97,1.68,4.27,100.38
2016,3,8,3.21,4.03,0.52,5.23,100.77
2016,3,9,4.68,4.88,12.5,9.55,99.61
2016,3,10,4.74,4.27,0.05,2.48,101.55
2016,3,11,3.8,4.46,0.04,1.35,102.45
2016,3,12,5.39,4.64,0.02,1.45,102.71
2016,3,13,3.44,4.27,0.02,2.91,103.16
2016,3,14,4.13,4.33,0,4.31,103.06
2016,3,15,5.07,5.13,0.25,3.83,102.64
2016,3,16,5.21,4.46,0.05,4.12,102.72
2016,3,17,4.26,4.33,0.01,2.58,102.66
2016,3,18,5.26,4.76,0.49,4.04,102.2
2016,3,19,5.54,4.58,0.16,3.55,102.18
2016,3,20,5.85,4.88,0.31,3.78,102.01
2016,3,21,5.33,4.76,0.06,4.69,101.74
2016,3,22,5.12,4.88,0.09,2.01,101.32
2016,3,23,5.65,5,0.35,3.04,101.18
2016,3,24,6.44,5.37,2.46,4.9,100.72
2016,3,25,8.36,5.25,2.07,6.38,100.79
2016,3,26,8.52,6.29,2.8,7.28,100.03
2016,3,27,7.74,5.43,3.24,5.01,99.5
2016,3,28,7.17,5.25,10.45,12.24,98.32
2016,3,29,6.53,4.88,2.7,5.01,99.7
2016,3,30,6.58,4.7,0.16,5.44,100.32
2016,3,31,5.91,4.7,0.1,2.88,101.13
2016,4,1,5.76,4.58,0.01,6.3,101.47
2016,4,2,8.19,5.31,3.32,3.56,100.91
2016,4,3,9.9,6.41,2.32,3.42,100.22
2016,4,4,9.32,6.53,6.98,5.59,99.86
2016,4,5,8.26,5.43,0.18,4.05,100.21
2016,4,6,6.69,4.88,1.36,7.52,100.04
2016,4,7,6.33,4.88,0.99,6.56,100.26
2016,4,8,8.14,5.37,0.32,4.81,100.59
2016,4,9,7.42,5.68,4.7,6.18,99.94
2016,4,10,6.48,4.58,0.02,5.85,100.57
2016,4,11,10.34,6.65,0.6,7.65,100.37
2016,4,12,9.16,6.16,2.38,3.17,100.28
2016,4,13,9.94,5.62,0.21,1.5,100.42
2016,4,14,9.9,6.04,1.08,2.85,100.59
2016,4,15,8.24,6.29,15.84,2.52,99.66
2016,4,16,4.87,4.64,4.48,5.4,99.88
2016,4,17,5.19,4.27,1.29,3.51,101.04
2016,4,18,7.9,5.07,0.21,4.63,101.59
2016,4,19,7.23,4.7,0,1.99,102.43
2016,4,20,6.39,4.46,0,2.44,102.73
2016,4,21,7.66,5.31,0.01,2.02,102.2
2016,4,22,6.93,4.94,0.12,1.61,101.84
2016,4,23,4.97,4.03,0.44,4.23,101.58
2016,4,24,4.1,3.97,1.07,5.97,101.43
2016,4,25,5.13,4.46,2.56,6.14,100.39
2016,4,26,4.03,4.03,1.38,3.4,100.1
2016,4,27,4.81,4.03,1.01,6.35,100.66
2016,4,28,5.3,4.15,5.44,7.68,100.73
2016,4,29,5.85,4.09,0.96,6.31,100.48
2016,4,30,6.3,4.33,0.22,2.73,101.67
2016,5,1,8.44,4.88,0.02,4.1,102.25
2016,5,2,11.46,7.02,3.56,4.98,101.5
2016,5,3,8.9,5.07,0.05,4.3,102.03
2016,5,4,10.51,5.68,0,4.82,102.23
2016,5,5,11.26,5.74,0,3.16,101.73
2016,5,6,12.27,6.9,0,3.49,100.85
2016,5,7,14.48,7.87,0.01,2.75,100.48
2016,5,8,15.48,7.69,0,2.8,100.6
2016,5,9,15.01,7.93,0.65,5.44,100.72
2016,5,10,13.37,8.91,9.21,3.64,100.47
2016,5,11,14.4,9.03,4.88,2.84,100.1
2016,5,12,14.17,8.06,0.15,2.88,99.95
2016,5,13,10.67,6.47,0.54,3.55,100.63
2016,5,14,7.34,4.39,0.28,5.39,101.48
2016,5,15,7.98,5,0.48,3.18,101.78
2016,5,16,11.77,5.68,0.12,1.99,101.61
2016,5,17,12.48,6.71,0.05,5.51,101.06
2016,5,18,11.87,7.51,3.1,7.8,100.09
2016,5,19,13.34,7.57,0.98,6.2,100.57
2016,5,20,14.44,8.06,0.78,4.55,100.87
2016,5,21,14.27,8.54,1.36,6.02,100.48
2016,5,22,13.56,8,2.77,2.76,100.33
2016,5,23,11.9,6.96,0.61,5.05,101.31
2016,5,24,10.56,6.04,0.04,4.65,101.71
2016,5,25,9.87,6.59,0.74,2.96,101.28
2016,5,26,11.92,6.77,0.08,1.49,101.28
2016,5,27,12.01,7.14,0.01,1.95,101.42
2016,5,28,12.46,7.2,0.07,2.11,101.22
2016,5,29,13.58,8.18,0.26,3.98,100.92
2016,5,30,12.24,7.75,1.15,5.49,100.97
2016,5,31,12.58,8.3,21.11,4.49,101.01
2016,6,1,13.34,8.42,2.44,5.2,101.57
2016,6,2,10.85,7.08,1.21,3.66,101.53
2016,6,3,11.39,7.51,2.09,3.71,101.24
2016,6,4,14.86,8.79,0.28,3.17,101.3
2016,6,5,13.75,7.57,0.21,3.07,101.73
2016,6,6,13.87,7.32,0,1.78,101.89
2016,6,7,16.42,8.67,0.04,1.93,101.93
2016,6,8,15.65,8.42,0.12,3.72,102.01
2016,6,9,14.44,8.06,0.07,1.21,101.77
2016,6,10,14.65,8.18,0.18,1.34,101
2016,6,11,15.7,9.34,4.49,1.44,100.67
2016,6,12,16.35,9.83,4.31,3.16,100.25
2016,6,13,15.01,9.46,5.74,2.81,99.67
2016,6,14,15.46,9.4,5.66,3.07,99.17
2016,6,15,14.83,8.54,1.45,2.08,99.28
2016,6,16,14.36,8.3,1.71,2.68,99.78
2016,6,17,14.02,8.24,2.24,2.61,100.36
2016,6,18,12.35,7.51,4.12,6.41,101.41
2016,6,19,14.94,8.54,2.14,6.21,101.74
2016,6,20,16.39,10.25,21.55,6.95,100.83
2016,6,21,17.06,9.58,0.09,3.56,101.22
2016,6,22,17.32,10.86,1.66,4.52,101.48
2016,6,23,19.3,12.51,51.13,3.27,101.16
2016,6,24,17.27,9.7,0.88,2.73,101.26
2016,6,25,14.68,8.24,8.15,2.14,101.21
2016,6,26,14.82,8.61,3.68,2.89,101.17
2016,6,27,15.75,8.73,2.09,4.45,101.22
2016,6,28,14.83,7.81,4.57,5.38,100.98
2016,6,29,14.53,8.61,3.72,8.2,100.29
2016,6,30,15.86,9.03,3.04,3.84,100.39
2016,7,1,15.69,8.85,2.29,2.79,100.27
2016,7,2,13.48,7.2,1.13,3.67,100.76
2016,7,3,14.55,8.06,0.55,1.73,101.35
2016,7,4,16.94,8.85,0.1,6.41,101.34
2016,7,5,15.74,8.85,1.23,5.53,101.18
2016,7,6,14.89,7.45,0.01,3.59,101.74
2016,7,7,17.3,9.46,0.02,3.59,101.44
2016,7,8,17.27,9.83,1.55,6.68,101.07
2016,7,9,17.75,10.62,1.22,5.95,101.18
2016,7,10,18.17,10.74,0.72,4.05,100.33
2016,7,11,17.33,9.77,2.38,6.73,100.17
2016,7,12,14.7,8.97,6.06,2.75,100.71
2016,7,13,14.02,7.69,1.16,3,101.26
2016,7,14,15.05,7.81,0.26,4.87,101.86
2016,7,15,16.18,8.67,0.1,3.91,102.04
2016,7,16,19.85,11.96,2.79,4.13,101.86
2016,7,17,20.1,11.72,0.71,4.13,101.71
2016,7,18,19.37,9.89,0,1.73,101.74
2016,7,19,20.05,11.23,0,2.84,101.46
2016,7,20,22.19,13.24,1.24,5.9,100.58
2016,7,21,18.32,10.62,0.59,2.72,101.18
2016,7,22,18.16,9.46,0.01,2.05,101.51
2016,7,23,19.06,10.01,0.07,3.24,101.63
2016,7,24,19.72,11.35,0.25,2.56,101.37
2016,7,25,17.81,9.7,0.23,2.56,101.42
2016,7,26,17.33,9.52,0.68,2.14,101.58
2016,7,27,17.53,10.5,4.11,4.95,101.06
2016,7,28,17.77,10.19,1.52,3.59,100.89
2016,7,29,17.8,10.68,2.64,3.38,100.58
2016,7,30,16.83,9.58,1.02,1.25,100.89
2016,7,31,15.97,8.3,0.1,3.86,101.19
2016,8,1,15.52,8.3,4.54,1.77,101.35
2016,8,2,18.08,11.54,6.37,2.49,100.53
2016,8,3,18.92,10.44,0.4,3.5,100.18
2016,8,4,16.86,9.52,0.74,5.04,100.41
2016,8,5,17.32,9.16,0.19,3.62,101.45
2016,8,6,18.52,9.52,0.04,4.05,102.1
2016,8,7,19.41,10.19,0.04,3.83,101.73
2016,8,8,15.49,7.81,0.27,5.73,101.58
2016,8,9,13.7,7.08,1.42,3.23,101.94
2016,8,10,13.56,6.9,0.91,3.96,101.94
2016,8,11,15.62,9.64,5.45,2.77,101.57
2016,8,12,18.69,9.89,0.03,3.35,101.72
2016,8,13,17.79,9.46,0.01,4.52,101.73
2016,8,14,16.1,8.67,0.08,1.04,102.13
2016,8,15,15.51,8.36,0,1.84,102.13
2016,8,16,15.26,8.54,0.12,1.76,101.66
2016,8,17,16.79,9.34,0.04,3.16,101.06
2016,8,18,16.55,10.01,0.04,2.96,100.76
2016,8,19,16.14,10.68,5.11,4.28,100.32
2016,8,20,16.66,9.03,0.44,4.84,100.18
2016,8,21,17.09,9.52,6.37,3.78,100.96
2016,8,22,19.61,11.84,3.16,5.32,101.72
2016,8,23,20.12,11.35,0.01,4.02,101.92
2016,8,24,21.64,13.31,0.21,4.17,101.45
2016,8,25,20.6,12.7,0.32,3.75,101.15
2016,8,26,19.69,9.58,0.07,4.02,101.35
2016,8,27,17.78,10.31,0.4,6.8,101.3
2016,8,28,18.26,10.99,3.69,4.78,100.84
2016,8,29,16.93,9.03,0.14,2.78,101.71
2016,8,30,17.69,9.09,0,2.74,102
2016,8,31,17.4,9.89,0.1,2.84,101.59
2016,9,1,17.12,9.16,0.03,2.15,101.76
2016,9,2,16.24,10.01,1.51,3.25,101.35
2016,9,3,16.44,9.64,4.6,5.74,100.99
2016,9,4,17.06,9.77,1.66,6.69,100.65
2016,9,5,16.85,10.25,0.66,4.09,101.51
2016,9,6,20.38,13.12,0.98,1.74,101.89
2016,9,7,19.59,12.33,0.81,2.3,101.43
2016,9,8,18.03,10.25,0.03,4.77,100.7
2016,9,9,17.8,10.25,0.24,5.62,101.06
2016,9,10,17.76,11.05,2.46,4.52,100.85
2016,9,11,14.49,7.93,0.07,3.62,101.26
2016,9,12,18.02,10.93,0.01,3.87,101
2016,9,13,20.99,12.82,0,1.25,100.73
2016,9,14,21.25,12.51,0,3.88,100.76
2016,9,15,19.77,11.96,0.03,3.52,100.6
2016,9,16,15.47,10.25,24.01,6.97,100.66
2016,9,17,16.22,10.07,1.98,5.38,101.36
2016,9,18,15.76,10.07,1.63,3.18,101.63
2016,9,19,15.23,9.52,0.77,1.45,101.71
2016,9,20,14.97,9.16,0.93,0.96,101.59
2016,9,21,15.76,8.73,0.2,3.2,101.46
2016,9,22,15.73,9.34,0.41,2.33,101.47
2016,9,23,12.76,6.65,0.03,2.05,101.95
2016,9,24,16.08,8.97,0,5.41,101.36
2016,9,25,15.63,8.42,0.11,4.89,101.04
2016,9,26,12.44,7.45,0.12,2.72,101.83
2016,9,27,15.23,9.4,0.13,6.46,101.78
2016,9,28,16.27,9.58,0.08,3.55,101.69
2016,9,29,15.58,8.48,0.38,5.35,100.86
2016,9,30,12.74,7.08,0.57,4.55,100.73
2016,10,1,10.91,7.39,12.31,2.8,100.24
2016,10,2,11.47,6.71,3.65,5.92,101.13
2016,10,3,11.43,7.2,0.08,1.89,102.47
2016,10,4,13.65,7.75,0.05,3.79,102.84
2016,10,5,11.81,5.98,0,4.85,102.83
2016,10,6,11.47,6.16,0.25,4.11,102.28
2016,10,7,12.4,7.57,1.06,2.34,101.95
2016,10,8,11.82,7.32,4,2.2,102.2
2016,10,9,10.26,6.1,1.06,1.81,102.38
2016,10,10,9.33,6.23,2.14,1.28,102.15
2016,10,11,10.39,6.84,2.83,2.3,101.92
2016,10,12,10.99,6.71,2.27,3.34,101.77
2016,10,13,10.08,6.1,0.79,4.3,101.11
2016,10,14,10.65,6.59,3.22,4.24,100.34
2016,10,15,12.16,7.93,4.35,4.81,100.36
2016,10,16,12.31,8.18,3.5,7.35,101
2016,10,17,11.8,7.39,0.58,3.46,101.38
2016,10,18,9.15,6.1,5.87,4.3,101.32
2016,10,19,9.47,6.65,3.7,4.78,101.42
2016,10,20,10.72,6.9,2.36,4.42,101.54
2016,10,21,10.13,6.65,1.58,2.93,101.45
2016,10,22,9.44,6.23,0.99,3.42,101.2
2016,10,23,8.86,6.04,1.39,2.72,100.93
2016,10,24,8.89,5.92,0,2.81,101.05
2016,10,25,9.67,6.35,0.02,1.56,101.91
2016,10,26,10.3,7.26,0.18,3.52,102.32
2016,10,27,9.74,6.71,0.2,2.83,102.6
2016,10,28,12.27,7.75,0.13,4.79,102.82
2016,10,29,13.15,8.12,0.11,1.67,102.98
2016,10,30,12.03,8.06,0.1,1.86,102.65
2016,10,31,11.48,7.81,0.03,1.48,102.32
2016,11,1,8.22,6.47,0.3,4.11,101.95
2016,11,2,5.26,4.94,0.25,4.27,101.87
2016,11,3,5.45,4.88,0.04,3.95,101.59
2016,11,4,5.7,5.55,3.09,5.24,100.47
2016,11,5,4.3,4.76,0.78,6.25,99.92
2016,11,6,4.86,5,5.93,6.21,99.9
2016,11,7,5.73,4.64,3.01,9.89,100.67
2016,11,8,1.98,4.09,1.86,2.83,100.46
2016,11,9,4.45,5,14.96,5.06,99.58
2016,11,10,4.33,5,3.11,3.25,100.15
2016,11,11,5.51,4.58,0.07,3.7,101.62
2016,11,12,6.38,5.43,5.8,6.03,101.37
2016,11,13,7.16,5.98,0.6,3.59,102.13
2016,11,14,7.44,6.23,4.89,3.8,102.34
2016,11,15,11.32,7.93,0.88,3.36,101.88
2016,11,16,9.69,6.84,0.65,5.65,100.84
2016,11,17,6.12,5.37,0.34,8.2,99.41
2016,11,18,3.54,4.33,0.26,3.59,98.99
2016,11,19,3.44,4.52,3.91,1.69,99.57
2016,11,20,6.07,5.74,18.16,11.16,98.38
2016,11,21,8.96,7.08,14.5,7.62,98.83
2016,11,22,8.83,6.23,0.94,9.25,99.73
2016,11,23,6.93,5.86,0.12,6.7,101.47
2016,11,24,7.73,5.43,0.02,2.98,102.08
2016,11,25,6.33,4.76,0,3.87,101.95
2016,11,26,4.69,5.13,0.05,1.39,101.73
2016,11,27,6.69,5.13,0.22,2.98,102.07
2016,11,28,3.78,3.97,0.05,1.52,102.72
2016,11,29,0.99,3.23,0,2.36,103.03
2016,11,30,0.37,3.72,0.07,2.84,102.9
2016,12,1,3.33,4.64,0.38,1.94,102.41
2016,12,2,5.27,5.31,0.74,1.88,102.19
2016,12,3,3.3,4.27,0.12,1.45,102.25
2016,12,4,2.17,3.72,0,1.65,102.18
2016,12,5,2.14,4.58,0.01,2.28,102.13
2016,12,6,4.95,5.55,0.18,3.23,102.31
2016,12,7,8.19,6.53,0.22,3.33,102.12
2016,12,8,9.26,6.96,1.33,4.66,102
2016,12,9,9.69,7.14,0.44,4.16,101.99
2016,12,10,8.89,6.9,15.88,4.11,101.53
2016,12,11,6.41,5.68,0.23,3,101.8
2016,12,12,5.98,5.55,0.92,4.84,101.86
2016,12,13,8.02,6.53,0.84,1.73,101.59
2016,12,14,8.18,6.59,0.15,1.72,101.65
2016,12,15,6.48,5.8,0.2,1.91,101.64
2016,12,16,7.13,6.1,0.21,3.05,102.18
2016,12,17,6.26,5.68,0.35,1.91,103.27
2016,12,18,5.76,5.43,0.14,2.13,103.1
2016,12,19,5.08,5.19,0.2,2.92,102.33
2016,12,20,2.82,4.39,0.01,3.7,101.76
2016,12,21,6.37,5.8,0.3,6.77,101.45
2016,12,22,4.56,4.94,0.12,4.3,102.17
2016,12,23,6.71,5.74,1.62,8.65,101.96
2016,12,24,5.58,5.19,1.62,2.89,101.8
2016,12,25,9.73,6.96,0.34,1.82,101.53
2016,12,26,5.32,4.76,0.76,3.32,102.46
2016,12,27,1.54,4.15,0.03,4.75,103.8
2016,12,28,1.58,4.03,0.18,3.05,103.86
2016,12,29,2.28,4.33,0.09,1.66,103.33
2016,12,30,2.69,4.39,0.42,1.04,103.08
2016,12,31,5.15,5.25,0.46,2.55,102.45
2017,1,1,4.5,4.94,9.16,4.65,101.33
2017,1,2,2.21,3.97,0.22,2.37,102.26
2017,1,3,2,4.15,0.74,2.99,102.02
2017,1,4,4.75,4.58,0.38,3.92,101.83
2017,1,5,2.78,4.09,0.16,3.23,102.9
2017,1,6,2.9,4.21,2.59,3.48,103.07
2017,1,7,4.28,4.94,1.35,3.82,102.64
2017,1,8,5.55,5.49,0.79,2.32,102.69
2017,1,9,5.69,5.49,5.15,5.19,101.28
2017,1,10,3.81,4.88,0.41,2.78,100.41
2017,1,11,5.96,4.76,0.3,6.24,100.3
2017,1,12,2.65,4.33,12.75,8.12,99.75
2017,1,13,0.89,3.66,3.15,5.64,99.98
2017,1,14,0.33,3.66,0.66,2.15,101.28
2017,1,15,0.9,3.91,4.06,4.41,101.73
2017,1,16,2.37,3.97,0.33,1.96,102.4
2017,1,17,0.22,3.42,0,1.13,103.22
2017,1,18,-0.81,2.93,0,2.43,103.48
2017,1,19,1.54,3.3,0.01,2.06,103.35
2017,1,20,1.15,3.36,0.01,1.83,103.06
2017,1,21,0.44,3.54,0.01,3.1,102.49
2017,1,22,-0.92,3.23,0.01,1.43,102.33
2017,1,23,-0.08,3.66,0.17,1.4,102.33
2017,1,24,0.49,3.97,0.08,1.88,102.35
2017,1,25,0.52,3.72,0.49,2.2,102.38
2017,1,26,-1.16,3.05,0.16,3.46,101.71
2017,1,27,1.58,4.15,0.37,2.73,100.86
2017,1,28,3.94,5,0.13,3.5,100.65
2017,1,29,3.54,4.76,10.01,4.68,100.81
2017,1,30,4.3,4.88,0.4,2.4,100.69
2017,1,31,3.82,4.52,2.07,3.55,101.06
2017,2,1,6.62,5.92,7.31,1.7,100.34
2017,2,2,8.26,6.47,0.99,3.42,99.47
2017,2,3,7.25,5.92,0.68,2.8,99.23
2017,2,4,3.54,4.88,0.37,9.55,99.35
2017,2,5,3.87,4.88,0.31,1.22,100
2017,2,6,4.47,4.82,0.57,4.68,101.31
2017,2,7,4.3,4.88,5.83,4.32,101.11
2017,2,8,1.32,3.6,0.55,3.12,102.27
2017,2,9,0.26,3.3,1.26,2.64,102.45
2017,2,10,0.2,3.3,1.34,3.55,102.02
2017,2,11,0.94,3.54,2.84,3.96,101.89
2017,2,12,2.71,4.15,4.12,1.33,102.12
2017,2,13,3.8,4.39,0,2.27,102.25
2017,2,14,5.27,4.82,0.03,2.04,102.19
2017,2,15,7.55,6.1,1.32,3.73,102.38
2017,2,16,6.9,5.31,0.29,2.66,102.35
2017,2,17,7.1,5.55,0.34,5.26,102.23
2017,2,18,5.52,5.19,0.12,4.34,102.03
2017,2,19,7.26,5.62,0.37,3.56,101.64
2017,2,20,11.23,7.39,0.77,4.22,101.14
2017,2,21,9.78,6.53,0.6,6.58,100.89
2017,2,22,10.08,7.02,9.53,9.42,100.04
2017,2,23,7.53,5.49,6.43,15.66,98.84
2017,2,24,3.93,4.27,0.46,4.79,100.93
2017,2,25,6.7,5.55,4.8,5.35,100.72
2017,2,26,9.51,6.16,0.7,4.19,99.96
2017,2,27,7.08,5.8,8.03,3.59,98.47
2017,2,28,3.78,4.33,2.26,3.07,98.2
2017,3,1,5.26,4.82,1.88,3.57,99.2
2017,3,2,5.31,4.46,2.27,7.48,100.08
2017,3,3,5.3,5.37,3.78,4.28,99.62
2017,3,4,6.67,5.8,6.02,3.94,98.5
2017,3,5,4.81,5.07,4.5,8.16,98.64
2017,3,6,5.15,5,1.46,3.62,99.81
2017,3,7,4.41,4.58,0.22,3.69,101.1
2017,3,8,8.06,6.04,7.97,6.4,100.72
2017,3,9,7.99,5.55,0.28,8.23,101.53
2017,3,10,7.08,5.37,0.03,4.8,102.13
2017,3,11,8.91,6.35,0.22,1.89,101.47
2017,3,12,7.98,5.92,0.24,2.98,101.13
2017,3,13,8.73,5.62,0.03,3.41,102.29
2017,3,14,10.43,6.77,0.17,4.31,102.6
2017,3,15,10.01,5.86,0.01,1.86,102.73
2017,3,16,9.4,6.23,0.06,5.34,101.71
2017,3,17,6.59,5,3.16,8.48,100.95
2017,3,18,11.23,7.32,1.66,7.47,100.22
2017,3,19,11.54,7.39,0.61,4.2,100.14
2017,3,20,9.94,6.96,4.95,7.2,99.77
2017,3,21,5.9,4.21,0.02,5.45,100.28
2017,3,22,6.8,4.94,3.08,8.27,100.46
2017,3,23,7.15,5.19,0.53,6.52,101.4
2017,3,24,6.53,4.82,0,5.03,102.64
2017,3,25,6.05,4.27,0,3.39,102.71
2017,3,26,7.1,5.13,0,3.36,102.24
2017,3,27,7.36,5.43,0.05,2.62,101.93
2017,3,28,9.07,6.04,0.19,5.93,101.57
2017,3,29,12.07,7.39,0.87,2.58,101.62
2017,3,30,13.26,7.32,0.02,3.05,101.43
2017,3,31,12.01,7.02,0.06,5.27,100.57
2017,4,1,10.19,6.35,0.18,4.87,100.56
2017,4,2,8.9,5.98,0.09,2.1,101.73
2017,4,3,9.72,5.98,0.15,3.14,102.11
2017,4,4,8.83,6.1,0.3,4.16,102.14
2017,4,5,7.95,5.07,0.01,4.61,102.54
2017,4,6,9.26,5.62,0,1.7,102.56
2017,4,7,8.53,5.68,0.02,2.37,102.24
2017,4,8,9.83,6.16,0.02,2.45,102
2017,4,9,12.79,7.14,0.02,5.06,101.6
2017,4,10,9.37,5.31,0.1,6.44,101.98
2017,4,11,9.54,5.62,0.04,3.31,102.09
2017,4,12,8.91,5.92,0.55,3.02,101.24
2017,4,13,8.02,5.13,0.04,3.5,101.25
2017,4,14,9.94,6.16,3.95,4.77,101.05
2017,4,15,8.74,5.19,0.18,3.23,101.21
2017,4,16,8.12,5.31,3.68,4.55,101.54
2017,4,17,6.94,4.46,0.28,3.52,101.85
2017,4,18,5.88,4.21,0.22,5.15,102.68
2017,4,19,5.98,3.85,0,1.61,103.29
2017,4,20,8.5,5.55,0.39,3.47,103.07
2017,4,21,10.55,6.47,0.99,4.16,102.57
2017,4,22,7.95,5,0.39,4.21,102.42
2017,4,23,8.58,4.76,0.01,2.31,102.1
2017,4,24,7.88,5.31,2.49,4.27,100.96
2017,4,25,3.87,3.85,0.86,3.24,100.79
2017,4,26,4.8,4.33,1.63,4.53,101.26
2017,4,27,4.9,4.64,1.96,4.27,101.29
2017,4,28,6.55,4.58,0.53,4.64,101.2
2017,4,29,9.36,5.8,0.48,4.86,101.13
2017,4,30,11.21,5.86,0.15,5.64,100.13
2017,5,1,10.43,6.35,1.58,5.33,100.36
2017,5,2,9.61,6.04,0.33,4.55,101.57
2017,5,3,8.92,6.23,1.68,3.84,101.87
2017,5,4,9.87,5.86,0.09,3.97,101.94
2017,5,5,9.83,5.55,0.25,4.4,101.82
2017,5,6,9.8,6.29,0.33,1.6,101.07
2017,5,7,9.63,5.55,0.23,4.05,101.6
2017,5,8,9.07,5.68,0.42,5.69,102.12
2017,5,9,8.23,5.07,0.32,2.59,101.79
2017,5,10,8.47,4.82,0,2.91,100.52
2017,5,11,11.25,6.35,0.02,3.4,99.45
2017,5,12,13.59,8.3,1.38,6.04,99.37
2017,5,13,13.01,7.2,0.5,2.5,100.38
2017,5,14,13.34,7.02,0.51,4.18,101.39
2017,5,15,12.51,8,4.02,6.64,102.02
2017,5,16,16.81,10.07,2.14,4.35,101.88
2017,5,17,15.76,10.13,19.81,4.45,101.17
2017,5,18,13.38,7.45,11.67,4.8,100.77
2017,5,19,10.32,6.77,19.4,6.98,100.58
2017,5,20,11.59,6.65,0.68,5.72,101.33
2017,5,21,12.49,6.77,0.07,2.07,101.98
2017,5,22,14.42,7.81,0.02,1.62,101.34
2017,5,23,16.05,8.79,0.06,2.8,101.55
2017,5,24,16.57,9.22,0.14,2.67,102.07
2017,5,25,16.55,9.03,0.01,2.27,102.05
2017,5,26,16.48,8.85,0.01,3.24,101.59
2017,5,27,18.11,10.19,2.62,4.54,101.01
2017,5,28,16.94,9.28,0.25,4.45,101.32
2017,5,29,15.94,9.7,4.15,3.06,100.87
2017,5,30,16.87,9.83,1.22,2.95,100.99
2017,5,31,14.98,8,0.12,3.29,101.82
2017,6,1,16.33,8.73,0.02,1.91,101.69
2017,6,2,16.97,9.28,3.52,2.53,101.23
2017,6,3,16,8.73,0.67,3.28,100.9
2017,6,4,14.44,7.26,0.25,2.23,101.06
2017,6,5,14,7.69,4.77,6.58,100.28
2017,6,6,12.51,7.69,17.11,8.34,98.83
2017,6,7,14.11,6.84,2.08,7.38,100.34
2017,6,8,15.38,8.85,3.04,4.81,100.51
2017,6,9,15.87,8.61,1.24,3.91,100.61
2017,6,10,16.53,8.48,0.03,5.91,101.18
2017,6,11,17.02,9.03,0.16,3.13,100.87
2017,6,12,14.8,7.81,0.1,6.14,101.12
2017,6,13,15.88,8.73,0.28,1.94,101.52
2017,6,14,16.67,8.61,0,2.23,101.39
2017,6,15,17.83,9.16,0.06,4.68,100.9
2017,6,16,16.44,8.67,0.06,4.93,101.79
2017,6,17,21.29,11.72,0.02,4.02,102.14
2017,6,18,22.5,12.51,0.03,1.97,101.93
2017,6,19,21.51,11.66,0,1.32,101.59
2017,6,20,17.71,10.13,0.09,3.61,101.54
2017,6,21,18.3,10.07,0,3.88,101.17
2017,6,22,19.62,10.99,0.22,5.77,100.61
2017,6,23,17.83,9.58,0.22,6.02,100.96
2017,6,24,18.58,10.68,2.05,3.8,100.73
2017,6,25,16.76,9.58,1.78,2.51,100.66
2017,6,26,14.62,6.96,0,1.65,101.05
2017,6,27,14.59,8.48,11.36,3.32,100.42
2017,6,28,14.62,9.52,11.04,2.09,99.19
2017,6,29,14.4,8.54,0.32,4.98,99.1
2017,6,30,15.54,9.03,0.77,4.15,99.99
2017,7,1,16.83,9.09,0.21,5.05,100.97
2017,7,2,16.72,8.3,0.25,5.34,101.54
2017,7,3,16.57,9.16,0.8,4.16,101.53
2017,7,4,17.76,10.13,0.57,2.94,101.54
2017,7,5,18.71,10.07,0.02,2.77,101.47
2017,7,6,18.4,10.38,0.48,4.86,101.22
2017,7,7,20.29,11.29,1.9,4.6,101.07
2017,7,8,17.88,9.16,0.98,3.31,101.39
2017,7,9,18.32,10.13,0.28,3.59,100.92
2017,7,10,18.91,10.68,3.12,3.3,100.36
2017,7,11,16.05,9.7,14.56,5.15,100.48
2017,7,12,14.83,7.87,15.85,9.15,101.14
2017,7,13,15.9,7.51,0.11,3.06,101.7
2017,7,14,15.79,8.54,1.59,5.05,101.41
2017,7,15,16.74,9.89,3.37,4.27,101.64
2017,7,16,18.83,11.35,4.45,4.28,101.76
2017,7,17,17.56,8.85,0.04,2.11,101.94
2017,7,18,17.76,9.34,0.05,4.77,101.44
2017,7,19,20.6,12.15,2.26,4.07,100.2
2017,7,20,17.38,9.89,2.64,6.5,100.29
2017,7,21,16.5,8.54,0.01,6.3,100.62
2017,7,22,16.64,9.09,3.8,4.33,100.47
2017,7,23,14.26,8.61,6.15,3.32,100.63
2017,7,24,15.32,9.34,3.59,6.2,100.8
2017,7,25,15.62,9.09,0.58,5.19,101.05
2017,7,26,16.89,10.38,0.67,7.81,100.28
2017,7,27,15.51,8.48,1.49,2.22,100.11
2017,7,28,16.52,8.97,3.55,4.62,100.26
2017,7,29,17.2,9.52,5.84,8.95,100.27
2017,7,30,17.08,9.34,4.05,4.62,100.08
2017,7,31,16.78,8.67,0.24,3.71,100.7
2017,8,1,16.49,8.61,0.38,3.61,100.99
2017,8,2,16.5,9.64,5.97,6.52,100.79
2017,8,3,18.23,9.89,1.67,5.89,100.14
2017,8,4,16.82,9.03,0.43,6.59,100.56
2017,8,5,14.65,7.81,1.44,3.32,101.19
2017,8,6,15.3,7.87,0.06,2.7,101.68
2017,8,7,16.28,9.52,2.09,3.42,101.28
2017,8,8,16.65,9.34,2.95,1.08,100.66
2017,8,9,14.94,9.22,16.56,6.3,101.09
2017,8,10,15.18,8.24,2.31,6.03,101.89
2017,8,11,16.3,8.36,0.44,5.62,101.32
2017,8,12,17.13,9.7,2.18,3.61,101.02
2017,8,13,15.8,8.06,0.33,2.41,101.65
2017,8,14,17.05,9.52,0.24,3.29,101.37
2017,8,15,16.91,9.4,2.25,3.27,101.09
2017,8,16,16.98,8.61,0.48,6.09,101.4
2017,8,17,18.58,10.8,12.94,4.12,100.64
2017,8,18,15.74,8.36,0.85,3.36,100.57
2017,8,19,14.38,7.51,0.51,4.91,101.09
2017,8,20,15.23,7.69,0.04,5.24,101.79
2017,8,21,15.6,8.91,0.12,3.91,101.82
2017,8,22,16.92,10.19,0.16,2.92,101.55
2017,8,23,18.34,11.23,0.49,3.16,100.91
2017,8,24,16.05,8.85,0.11,3.94,101.19
2017,8,25,16.79,9.09,0,1.34,101.33
2017,8,26,17.73,9.77,0.21,2.55,101.25
2017,8,27,17.83,9.46,0.01,2.56,101.47
2017,8,28,18.9,10.8,0.01,2.02,101.36
2017,8,29,18.16,10.56,6.44,3.53,100.92
2017,8,30,13.9,7.81,4.15,5.26,100.85
2017,8,31,13.82,7.32,0.35,2.2,101.27
2017,9,1,14.98,7.81,1.32,2.52,101.72
2017,9,2,14.29,7.45,0.43,1.69,101.73
2017,9,3,14.26,8.06,0.28,4.5,101.04
2017,9,4,16.86,10.74,2.11,3.78,100.81
2017,9,5,17.79,10.68,1.83,4.36,100.86
2017,9,6,14.15,7.57,0.32,4.71,101.28
2017,9,7,14.42,8,3.55,4.71,100.79
2017,9,8,14.51,9.03,6.3,5.27,99.4
2017,9,9,12.62,7.75,1.87,4.21,99.25
2017,9,10,12.85,8.06,1.23,8.91,99.25
2017,9,11,13.27,7.81,2.4,4.3,98.75
2017,9,12,13.21,7.14,8.3,7.89,99.78
2017,9,13,13.25,6.96,1.32,10.41,99.15
2017,9,14,10.33,6.96,5.72,6.23,100.12
2017,9,15,10.36,7.02,8.68,2.41,100.75
2017,9,16,10.85,7.2,2.87,3.11,100.67
2017,9,17,12.01,7.39,2.43,3.07,100.91
2017,9,18,12.05,7.63,5.15,4.3,101.17
2017,9,19,11.65,7.08,0.62,3.05,101.58
2017,9,20,12.73,7.81,0.42,2.88,101.38
2017,9,21,15.01,8.48,0.75,5.16,101.16
2017,9,22,12.3,6.77,0.08,2.29,101.69
2017,9,23,13.39,8,0.22,2.74,101.84
2017,9,24,14.76,8.24,0.01,3.36,101.7
2017,9,25,14.48,9.34,0.11,3.56,101.7
2017,9,26,14.4,8.97,0.48,0.8,101.88
2017,9,27,14.57,9.16,0.89,3.49,101.66
2017,9,28,16.46,9.77,4.78,3.55,101.43
2017,9,29,15.38,9.7,2.09,4.58,101.18
2017,9,30,12.33,7.39,0.13,2.63,101.23
2017,10,1,15.07,9.77,2.87,5.52,100.63
2017,10,2,13.65,7.51,0.1,4.4,100.65
2017,10,3,11.31,6.29,0.08,5.9,101.61
2017,10,4,10.76,6.29,3.02,5.4,101.47
2017,10,5,11.98,6.71,0.52,5.95,100.99
2017,10,6,9.44,5.86,0.16,5.62,101.93
2017,10,7,11.4,7.57,5.59,3.48,101.13
2017,10,8,11.4,7.32,0.57,4.15,101.46
2017,10,9,11.53,7.93,1.02,2.79,101.35
2017,10,10,13.15,8.3,0.54,4.07,100.88
2017,10,11,14.41,8.61,0.36,4.12,100.5
2017,10,12,11.29,6.71,0.01,3.95,101.41
2017,10,13,14.64,9.22,0.17,4.32,101.62
2017,10,14,15.39,9.52,0.08,4.84,101.85
2017,10,15,14.75,9.52,0.16,5.16,101.39
2017,10,16,15.48,9.52,0.09,7.24,101.16
2017,10,17,11.55,6.71,0.03,7.95,101.37
2017,10,18,11.89,8.3,7.75,2.7,100.84
2017,10,19,14.62,9.83,0.85,6.12,100.09
2017,10,20,12.27,7.81,4.26,4.83,99.89
2017,10,21,12.96,7.63,5.22,5.81,99.71
2017,10,22,9.76,6.04,1.08,5.24,100.5
2017,10,23,11.4,7.75,0.36,3.05,101.25
2017,10,24,14.98,9.58,0.26,6.34,101.17
2017,10,25,12.94,7.57,0.1,6.48,101.51
2017,10,26,10.08,6.9,0.12,3.33,102.01
2017,10,27,8.83,6.1,0.18,3.66,102.69
2017,10,28,10.11,7.14,0.57,6.01,101.75
2017,10,29,9.74,5.74,0.6,7.13,101.68
2017,10,30,7.16,5.07,0.03,2.45,102.49
2017,10,31,7.92,6.04,0.29,3.06,101.97
2017,11,1,9.31,6.71,0.21,2.86,101.41
2017,11,2,8.22,6.16,0.38,4.16,101.07
2017,11,3,8.38,6.41,0.35,3.69,100.92
2017,11,4,9.58,7.26,5.6,4.52,99.96
2017,11,5,5.15,4.88,0.44,2,100.85
2017,11,6,3.73,4.39,0.01,2.31,101.99
2017,11,7,7.38,5.8,2.57,6.4,101.4
2017,11,8,7.48,5.98,1.37,4.12,101.67
2017,11,9,5.94,5.62,0.73,3.06,101.74
2017,11,10,6.92,5.13,0.13,5.54,101.21
2017,11,11,5.38,5,0.71,4.01,100.64
2017,11,12,4.74,4.94,2.17,8.37,100.49
2017,11,13,4.03,4.58,0.23,4.55,101.87
2017,11,14,5.65,5.55,0.84,3.46,101.77
2017,11,15,7.95,6.47,0.72,1.78,101.92
2017,11,16,7.47,6.1,0.48,4.2,101.84
2017,11,17,2.92,4.33,0.04,2.43,102.35
2017,11,18,3.97,4.76,0.08,3.45,101.62
2017,11,19,2.67,4.15,0.02,3.77,101.72
2017,11,20,7.56,6.35,3.14,5.42,100.88
2017,11,21,10.51,7.51,1.38,5.27,100.31
2017,11,22,12.28,7.32,0.24,5.05,99.23
2017,11,23,9.64,5.92,1.37,11.72,99.17
2017,11,24,3.17,4.27,0.04,2.34,100.55
2017,11,25,1.01,3.91,0.17,4.17,100.95
2017,11,26,3.04,4.27,0.15,2,101.6
2017,11,27,5.82,5.37,7.77,3.91,100.55
2017,11,28,3.15,4.39,1.49,1.94,100.21
2017,11,29,3.96,4.76,2.11,1.4,100.37
2017,11,30,1.54,4.03,6.08,1.8,100.42
2017,12,1,4.03,4.39,3.34,5.12,101.49
2017,12,2,2.76,4.33,0.57,1.7,102.13
2017,12,3,5.02,5.31,0.53,1.62,102.12
2017,12,4,3.91,4.82,0.34,2.09,102.73
2017,12,5,4.91,5.13,0.31,1.55,102.9
2017,12,6,6.33,5.43,0.09,4.28,102.1
2017,12,7,6.99,5.68,6.8,5.26,100.34
2017,12,8,1.04,3.54,0.68,2.93,100.71
2017,12,9,-0.83,3.36,0.3,3.21,100.75
2017,12,10,0.83,3.97,8.5,8.77,97.84
2017,12,11,2.12,4.27,5.78,4.92,98.12
2017,12,12,0.13,3.72,0.96,3.91,100.1
2017,12,13,4,5,7.89,3.59,98.97
2017,12,14,1.85,4.27,0.92,3.85,98.37
2017,12,15,2.94,4.52,3.49,4.67,99.2
2017,12,16,0.59,3.78,0.72,2.92,101.13
2017,12,17,1.94,4.21,4.13,4.47,101.65
2017,12,18,3.36,4.64,0.16,4.16,102.36
2017,12,19,3.48,4.7,0.21,1.48,102.94
2017,12,20,6.82,5.92,0.78,1.28,102.94
2017,12,21,7.9,6.41,2.67,2.41,102.94
2017,12,22,7.74,6.29,0.96,3.1,103.03
2017,12,23,7.83,6.23,0.39,1.8,102.69
2017,12,24,8.37,6.41,0.37,2.52,101.7
2017,12,25,8.4,6.41,1.43,5.45,100.18
2017,12,26,4.09,4.82,9.17,8.91,98.84
2017,12,27,3.25,4.7,18.66,8.8,98.11
2017,12,28,-0.15,3.66,0.16,2.28,99.6
2017,12,29,2.06,4.33,9.53,6.3,99.21
2017,12,30,6.93,5.86,11.71,9.15,99.04
2017,12,31,9.25,6.96,6.26,7.1,98.82
2018,1,1,5.12,5.13,0.4,5.09,99.21
2018,1,2,5.17,5.31,6.41,9.86,99.81
2018,1,3,7.23,5.19,0.79,7.18,98.67
2018,1,4,5.69,5.31,3.81,7.72,98.72
2018,1,5,4.26,4.94,0.92,3.93,98.9
2018,1,6,3.94,4.52,0.37,4.95,100.65
2018,1,7,2.4,3.42,0.04,3.42,102.33
2018,1,8,2.73,4.03,0.32,3.31,101.91
2018,1,9,4.22,4.94,0.58,2.41,100.44
2018,1,10,5.92,5.74,3.11,2.97,100.05
2018,1,11,5.63,5.55,1.05,1.91,101.32
2018,1,12,5.47,5.37,0.66,2.3,102.18
2018,1,13,4.51,4.82,0.43,3.62,101.81
2018,1,14,3.09,4.33,0.28,3.41,101.38
2018,1,15,5.78,5.49,8.54,6.02,99.19
2018,1,16,3.46,4.39,0.64,2.5,98.67
2018,1,17,2.8,4.03,1.29,4.89,99.53
2018,1,18,4.94,4.82,5.26,13.89,99.14
2018,1,19,1.8,4.03,0.54,1.5,100.14
2018,1,20,0.87,3.97,3.41,5.99,99.84
2018,1,21,0.59,3.85,6.14,6.16,100.68
2018,1,22,4.94,5.19,0.2,2.35,100.58
2018,1,23,7.55,6.29,1.31,4.91,100.93
2018,1,24,8.91,6.65,6.2,9.56,100.06
2018,1,25,5.51,5.31,0.04,2.55,100.3
2018,1,26,4.08,4.82,0.27,3.44,101.4
2018,1,27,5.29,5.31,2.08,9.04,102.01
2018,1,28,10.17,7.02,0.34,5.46,102.22
2018,1,29,7.35,5.74,2.21,7.09,102.03
2018,1,30,3.48,4.33,0.24,5.16,102.07
2018,1,31,4.97,4.88,5.37,3.09,99.76
2018,2,1,2.76,4.21,3.2,3.7,99.58
2018,2,2,3.43,4.46,2.31,7.09,100.34
2018,2,3,2.1,4.21,0.97,4.25,100.36
2018,2,4,2.01,3.66,0.79,3.48,102.04
2018,2,5,0.73,3.42,0.81,3.1,102.28
2018,2,6,-0.52,3.11,0.23,1.38,101.38
2018,2,7,0.55,3.66,1.49,3.12,101.47
2018,2,8,1.03,3.6,0.08,4.96,101.24
2018,2,9,2.88,4.27,9.6,4.16,100.46
2018,2,10,2.48,4.33,2.16,7.11,100.48
2018,2,11,3.7,4.15,0.36,5.31,99.55
2018,2,12,1.18,3.48,0.03,3.62,100.73
2018,2,13,2.58,3.78,0.09,8.43,100.05
2018,2,14,2.8,4.09,4.98,8.83,100.12
2018,2,15,5.16,4.52,1.02,4.84,100.41
2018,2,16,2.33,3.72,0.02,3.88,101.91
2018,2,17,2.83,4.09,0.01,1.85,101.84
2018,2,18,3.89,4.64,0.18,1.34,101.8
2018,2,19,5.83,5.55,9.38,3.48,101.21
2018,2,20,4.46,5,6.64,5.93,101.58
2018,2,21,2.69,4.09,0.38,1.23,102.27
2018,2,22,0.85,3.17,0.01,3.32,102.14
2018,2,23,0.63,3.17,0.02,3.74,101.91
2018,2,24,0.66,2.87,0,4.72,102.07
2018,2,25,-0.32,2.44,0.04,2.95,102.61
2018,2,26,-1.01,2.56,0.43,2.69,102.77
2018,2,27,-1.37,2.69,2.38,2.71,102.02
2018,2,28,-3.21,2.2,1.85,6.84,101.51
2018,3,1,-2.68,2.14,0.23,2.7,100.22
2018,3,2,-1.67,2.5,3.57,6.73,99.32
2018,3,3,0.43,3.6,1.41,1.08,99.09
2018,3,4,2.51,4.64,12.29,4.01,98.7
2018,3,5,3.52,4.82,0.33,2.52,98.57
2018,3,6,4.69,5,0.38,3.52,98.44
2018,3,7,2.54,4.52,9.29,3.63,98.94
2018,3,8,4.12,4.58,6.23,6.23,99.05
2018,3,9,4.62,4.82,5.47,4.57,99.8
2018,3,10,9.13,7.02,6.09,3.97,99.09
2018,3,11,7.44,5.92,3.65,5.1,98.84
2018,3,12,7.42,5.98,3.64,4.99,98.5
2018,3,13,5.72,4.88,2.92,6.58,100.13
2018,3,14,6.04,4.88,0.03,7.41,100.08
2018,3,15,5.62,5.31,6.5,5.07,98.84
2018,3,16,6.66,5.43,2.85,6.59,99.62
2018,3,17,-0.17,2.75,2.62,3.52,100.49
2018,3,18,-0.59,2.5,0.52,4.92,100.77
2018,3,19,-0.04,2.62,0.04,6.6,101.33
2018,3,20,2.84,3.91,0.28,5.71,102.3
2018,3,21,4.15,3.78,0.35,3.81,102.44
2018,3,22,6.55,5.19,1.78,4.39,101.25
2018,3,23,6.95,5.19,0.33,6.35,99.65
2018,3,24,6.14,5.37,0.39,2.74,99.76
2018,3,25,6.53,4.82,0.04,3.68,100.66
2018,3,26,5.3,4.39,0.08,4.09,101.21
2018,3,27,5.37,5.25,4.21,6.32,100.28
2018,3,28,3.65,4.64,7.53,4.3,99.83
2018,3,29,4.59,4.39,5.34,5.16,99.8
2018,3,30,6.19,5.43,8.36,4.22,99.27
2018,3,31,5.98,5.19,5.67,3.94,99.3
2018,4,1,5.58,4.82,1.93,3.45,100.57
2018,4,2,6.55,5.74,16.1,4.17,99.62
2018,4,3,9.66,6.77,1.27,4.55,99.05
2018,4,4,8.98,6.23,2.45,5.2,99.05
2018,4,5,6.18,4.09,0.35,7.26,100.88
2018,4,6,7.76,5.13,0,5.66,100.91
2018,4,7,10.87,7.08,1.86,4.55,100.26
2018,4,8,9.05,6.77,3.1,2.59,100.4
2018,4,9,6.9,5.86,4.97,1.76,100.32
2018,4,10,8.84,6.53,3.44,2.4,99.89
2018,4,11,7.48,6.1,2.68,1.39,100.32
2018,4,12,7.3,6.04,5.72,3.13,99.97
2018,4,13,9.25,6.47,0.48,3.84,100.28
2018,4,14,10.16,6.53,0.09,2.07,101.26
2018,4,15,10.13,6.96,1.45,1.9,100.63
2018,4,16,10.48,6.1,0.21,1.98,100.92
2018,4,17,12.03,6.59,0,4.9,101.6
2018,4,18,14.04,7.57,0,2.29,102.3
2018,4,19,15.15,8.12,0,2.12,102.01
2018,4,20,14.05,7.81,0,3.55,101.92
2018,4,21,11.97,6.77,0.13,3.55,101.7
2018,4,22,15.58,8.42,0.67,4.84,100.59
2018,4,23,11.33,6.35,0.11,3.2,100.98
2018,4,24,11.52,7.26,5.61,5.02,100.7
2018,4,25,9.62,5.98,1.45,3.06,100.55
2018,4,26,8.76,5.25,0.26,5.24,100.95
2018,4,27,7.44,5.86,7.37,4.72,100.47
2018,4,28,7.54,6.04,2.32,3.75,100.52
2018,4,29,6.54,5.49,4.63,6.68,100.69
2018,4,30,5.11,4.94,29.58,3.84,99.94
2018,5,1,8.21,4.64,0.36,2.39,100.35
2018,5,2,8.48,5.92,7,9,100.22
2018,5,3,9.55,5.49,0,3.05,101.43
2018,5,4,12.14,6.71,0.02,2.3,101.93
2018,5,5,12.11,5.8,0,1.67,102.19
2018,5,6,13.46,6.53,0,2.58,101.87
2018,5,7,14.98,7.2,0,2.66,101.39
2018,5,8,16.73,8.79,0.04,2.98,100.56
2018,5,9,14.56,7.93,0.11,2.3,100.37
2018,5,10,12.33,6.29,0.22,5.96,100.97
2018,5,11,11.52,6.29,0.09,4.3,101.28
2018,5,12,14.3,8.12,1.8,4.4,100.79
2018,5,13,11.26,7.39,7.3,4.88,100.99
2018,5,14,11.98,7.14,0.29,5.11,101.51
2018,5,15,12.48,7.2,0.16,1.63,101.59
2018,5,16,10.35,6.35,0.03,5.76,102.06
2018,5,17,9.07,5.25,0,4.8,102.31
2018,5,18,9.96,5.62,0,3.18,102.13
2018,5,19,11.03,6.16,0.02,2.34,102.04
2018,5,20,11.51,6.9,0.08,3.13,101.9
2018,5,21,12.94,7.51,0.11,2.19,101.29
2018,5,22,12.98,7.32,0.32,3.22,101.29
2018,5,23,12.84,7.14,0.24,2.67,101.87
2018,5,24,14.44,8.06,8.59,2.55,101.64
2018,5,25,16.33,9.77,2.9,3.04,101.42
2018,5,26,14.7,8.97,0.43,4.41,101.66
2018,5,27,15.65,9.28,0.18,5.18,101.36
2018,5,28,16.72,10.25,0.5,3.56,101.47
2018,5,29,14.76,9.03,3.33,3.62,101.21
2018,5,30,15.31,9.58,3.64,4.2,100.93
2018,5,31,15.49,9.7,0.25,3.49,101.19
2018,6,1,17.33,10.01,4.05,2.22,101.34
2018,6,2,17.71,11.17,14.73,1.77,101.31
2018,6,3,18.52,10.62,0.16,1.63,101.43
2018,6,4,14.16,8.91,1.51,4.38,101.28
2018,6,5,12.65,7.2,0.39,3.1,101.3
2018,6,6,12.69,7.14,0.01,1.76,101.19
2018,6,7,13.6,7.93,0.45,1.95,101.3
2018,6,8,13.97,8.06,0.1,2.58,101.35
2018,6,9,14.16,8.18,0.23,1.23,101.28
2018,6,10,14.47,8.12,0.07,1.63,101.15
2018,6,11,14.64,8.06,0.02,1.84,101.09
2018,6,12,13.19,7.75,0.22,4.62,101.31
2018,6,13,14.79,8,0.07,4.85,101.29
2018,6,14,16.13,8.36,0.28,11.23,100.69
2018,6,15,16.2,8.06,0.03,1.99,101.16
2018,6,16,15.56,8.54,1.07,4.7,100.92
2018,6,17,15.24,8.24,0.2,2.02,101.08
2018,6,18,18.05,9.83,0.17,1.75,101.28
2018,6,19,19.2,11.29,0.79,3.89,101.69
2018,6,20,19.05,10.93,0.67,4.41,101.46
2018,6,21,13.05,6.41,0.01,7.59,102
2018,6,22,12.93,6.16,0.01,6.25,102.55
2018,6,23,13.57,7.2,0,2.94,102.35
2018,6,24,15.57,8,0,1.6,102.15
2018,6,25,18.21,9.46,0,1.65,102.2
2018,6,26,16.37,8.36,0,3.46,102.32
2018,6,27,14.74,8.12,0.07,3.28,102.3
2018,6,28,16.58,9.22,0.06,2.99,102.15
2018,6,29,15.74,8.42,0.05,3.48,101.85
2018,6,30,16.73,9.16,0.09,3.96,101.37
2018,7,1,17.89,8.85,0,2.81,101.19
2018,7,2,17.22,8.36,0,3.46,101.43
2018,7,3,15.67,7.93,0,4.29,101.55
2018,7,4,16.05,8.61,0,2.38,101.22
2018,7,5,18.94,10.01,0.06,1.48,101.17
2018,7,6,18.97,10.56,0.09,2.3,101.68
2018,7,7,19.96,10.62,0.01,2.7,101.98
2018,7,8,19.76,10.01,0,3.51,102.2
2018,7,9,17.61,9.7,0.39,4.3,102.18
2018,7,10,15.01,8.36,0.25,3.33,101.93
2018,7,11,16.34,9.34,0.16,3.16,101.75
2018,7,12,16.67,9.22,0.11,1.84,101.8
2018,7,13,16.74,9.34,0.08,1.24,101.86
2018,7,14,18.09,9.83,0.12,2.2,101.66
2018,7,15,19.55,10.38,0.01,1.62,101.23
2018,7,16,21.51,10.68,0.03,1.55,100.87
2018,7,17,19.11,9.58,0.06,5.96,101.05
2018,7,18,18.98,9.28,0.01,3.21,101.44
2018,7,19,17.66,9.03,0,1.2,101.53
2018,7,20,19.01,10.01,0.03,2.8,101.08
2018,7,21,20.36,10.99,0.08,1.48,100.98
2018,7,22,20.23,10.93,0.04,4.48,101.13
2018,7,23,22.73,12.51,0.09,3.32,101.17
2018,7,24,22.29,11.96,0.03,3.05,100.99
2018,7,25,21.15,11.78,0.11,3.43,101.27
2018,7,26,22.01,12.63,0.1,2.52,101.04
2018,7,27,23.71,13.67,1.51,4.23,100.53
2018,7,28,18.82,9.34,6.09,7.9,100.18
2018,7,29,17.65,10.86,5.9,6.38,100.28
2018,7,30,19.57,11.6,2.72,6.27,100.69
2018,7,31,18.81,9.52,0.44,3.46,101.19
2018,8,1,18.57,9.52,0.01,2.16,101.67
2018,8,2,20.7,10.8,0,2.41,101.85
2018,8,3,23,12.51,0.41,2.28,101.79
2018,8,4,19.64,10.86,0.07,4.23,101.93
2018,8,5,19.39,9.95,0,3.73,101.91
2018,8,6,20.66,11.23,0.03,1.47,101.1
2018,8,7,22.14,11.84,1.63,3.26,100.37
2018,8,8,19.32,9.7,0.82,5.07,100.57
2018,8,9,15.03,8.97,12.81,5.64,100.9
2018,8,10,13.73,7.75,11.24,4.12,101.3
2018,8,11,15.54,7.69,1.04,1.87,101.67
2018,8,12,17.48,10.62,3.93,5.74,100.69
2018,8,13,17.69,11.17,9.31,2.32,100.24
2018,8,14,18.2,10.56,0.88,3,101.04
2018,8,15,19.43,10.93,0.14,2.85,101.17
2018,8,16,16.4,10.01,4.67,4.91,100.93
2018,8,17,15.8,8.12,0.01,3.9,101.44
2018,8,18,18.24,10.07,0.2,3.95,101.54
2018,8,19,19.68,11.72,0.86,6.42,101.34
2018,8,20,19.4,11.47,0.77,2.7,101.55
2018,8,21,20.25,11.96,0.57,1.96,101.45
2018,8,22,19.79,11.66,0.04,2.99,101.19
2018,8,23,17.79,10.13,1.85,3.08,100.74
2018,8,24,13.14,6.96,1.52,3.59,100.73
2018,8,25,12.69,6.47,0.33,6.1,100.91
2018,8,26,13.83,8.24,9.34,8.87,100.5
2018,8,27,16.01,8.91,0.65,5.94,100.65
2018,8,28,16.04,8.79,0.08,2.47,101.32
2018,8,29,14.75,9.16,1.6,3.84,101.15
2018,8,30,13.84,7.45,0.04,0.91,101.9
2018,8,31,14.44,7.02,0,2.12,102.02
2018,9,1,15.51,7.93,0,1.91,102.21
2018,9,2,15.63,7.93,0,1.63,102.09
2018,9,3,16.33,8.97,0.01,1.97,101.69
2018,9,4,14.95,8.67,1.06,3.9,101.67
2018,9,5,15.65,9.89,6.91,2.22,101.61
2018,9,6,15.21,8.61,4.9,2.68,101.11
2018,9,7,11.91,6.53,0.39,5.59,101.03
2018,9,8,13.24,7.75,0.72,4.45,101.31
2018,9,9,16.45,9.03,0.14,4.88,101.31
2018,9,10,15.64,8.18,0.06,4.56,101.59
2018,9,11,17.93,10.8,2.34,7.97,101.36
2018,9,12,13.5,7.26,0.38,3.64,101.84
2018,9,13,13.19,6.71,0,2.46,101.81
2018,9,14,13.37,7.2,0.09,4.3,101.55
2018,9,15,14.48,7.81,0.08,3.3,101.82
2018,9,16,16.51,8.54,0.03,4.41,101.38
2018,9,17,17.65,9.7,0.09,4.66,100.99
2018,9,18,18.03,9.95,0.13,5.5,100.39
2018,9,19,18.26,9.89,0.11,8.6,100.72
2018,9,20,17.49,10.13,3.5,9.3,100.43
2018,9,21,13.05,6.65,2.66,8.37,100.15
2018,9,22,10.72,6.47,1.45,5.68,101.31
2018,9,23,9.4,6.16,12.76,6.12,101.45
2018,9,24,9.35,5.13,0.01,4.78,103.16
2018,9,25,10.69,5.37,0,4.71,103.29
2018,9,26,13.9,7.32,0,4.31,102.74
2018,9,27,15.38,8.24,0.03,3.2,102.16
2018,9,28,11.48,5.98,0.09,4.95,102.63
2018,9,29,10.97,5.55,0,3.22,102.37
2018,9,30,9.59,6.04,0.09,3.62,101.5
2018,10,1,9.05,5.31,2.29,6.28,101.93
2018,10,2,12.8,7.26,0.41,4.29,101.41
2018,10,3,11.82,7.2,0.08,2.81,102.12
2018,10,4,13.36,8.36,0.11,4.24,101.9
2018,10,5,14.33,8.85,0.21,2.52,101.13
2018,10,6,10.74,7.32,5.41,9.3,100.74
2018,10,7,9.29,5.31,0,4.55,101.74
2018,10,8,10.86,6.59,0.03,3.02,101.57
2018,10,9,12.37,7.57,0.06,4.09,101.45
2018,10,10,14.08,9.46,0.05,4.46,101.01
2018,10,11,16.66,10.13,4.19,4.2,100.18
2018,10,12,16.37,9.46,0.06,7.01,100.62
2018,10,13,18.49,10.68,2.09,5.09,100.6
2018,10,14,14.71,9.7,8.27,5.57,100.26
2018,10,15,13.73,9.09,4.26,5.98,100.74
2018,10,16,14.8,9.28,0.26,6.19,101.17
2018,10,17,12.62,8.24,0.16,1.91,101.57
2018,10,18,10,6.65,0.16,3.09,102.27
2018,10,19,10.67,6.47,0.44,3.12,102.26
2018,10,20,10.45,6.9,0.01,2.17,102.6
2018,10,21,12.27,7.69,0.74,5.17,102.33
2018,10,22,8.67,5.25,0,4.24,103.09
2018,10,23,10.26,6.47,0.07,3.28,102.37
2018,10,24,10.93,7.02,0.11,4.06,102.25
2018,10,25,10.11,6.71,0.27,3.31,101.56
2018,10,26,7.75,5.49,2.14,4.37,100.51
2018,10,27,6.05,5.13,3.86,2.86,100.79
2018,10,28,6.96,4.58,1.86,2.82,101.44
2018,10,29,6.28,4.58,0.46,3.11,100.32
2018,10,30,7.15,5.92,15.6,3.84,98.96
2018,10,31,6.56,5.25,1.6,3.75,100.39
2018,11,1,9.44,6.96,8.22,2.61,100.2
2018,11,2,4.83,4.64,0.02,3.73,101.84
2018,11,3,6.94,5.13,0,6.23,101.87
2018,11,4,8.69,6.04,0.01,3.01,100.8
2018,11,5,10.02,7.57,0.04,3.19,100.19
2018,11,6,11.83,8.42,0.15,4.21,99.68
2018,11,7,10.94,7.32,1.74,5.38,99.56
2018,11,8,8.11,5.8,0.1,3.91,101.05
2018,11,9,9.38,6.59,2.94,8.84,100.18
2018,11,10,11.04,7.45,8.84,7.48,99.08
2018,11,11,9.8,6.96,7.51,6.2,99.54
2018,11,12,9.94,7.2,0.55,2.09,100.57
2018,11,13,8.74,6.23,0.38,4.43,101.5
2018,11,14,9.31,6.71,0.12,4.38,101.82
2018,11,15,9.98,7.57,0.65,2.39,101.76
2018,11,16,8.48,6.41,0.68,2.54,102.23
2018,11,17,6.95,5.55,0.01,3.77,102.52
2018,11,18,6.46,4.58,0.04,2.97,102.56
2018,11,19,6.62,4.76,1.73,2.21,101.83
2018,11,20,4.8,4.21,3.81,5.44,100.68
2018,11,21,3.97,4.21,1.76,4.39,101.01
2018,11,22,4.47,4.82,0.57,2.16,101.43
2018,11,23,5.85,5.55,0.16,2.2,101.13
2018,11,24,6.62,5.49,0.07,3.91,100.76
2018,11,25,5.09,5.07,0.57,2.34,100.81
2018,11,26,5.11,5.13,1.67,1.85,100.97
2018,11,27,5.98,5.37,6.81,8.5,101.06
2018,11,28,10.65,7.63,3.12,8.26,100.3
2018,11,29,10.08,7.02,3.8,8.18,99.76
2018,11,30,7.13,5.8,0.07,1.67,100.15
2018,12,1,8.04,6.53,3.61,5.01,99.87
2018,12,2,11.19,7.87,5.46,3.84,99.1
2018,12,3,8.8,6.71,1.39,5.44,99.49
2018,12,4,3.48,4.58,0.21,2.69,101.6
2018,12,5,7.96,6.53,6.35,5.73,101.06
2018,12,6,10.71,7.63,3.77,4.17,100.72
2018,12,7,8.92,6.65,13.52,4.86,99.62
2018,12,8,7.98,5.8,3.31,3.82,99.29
2018,12,9,6.28,5.37,1.55,6.34,100.15
2018,12,10,3.13,4.58,0.15,2.96,102.03
2018,12,11,0.79,3.97,0.01,2.76,102.1
2018,12,12,2.91,4.09,0.07,2.96,101.91
2018,12,13,2.94,3.78,0.06,4.45,101.63
2018,12,14,1.08,3.54,0.32,1.66,101.93
2018,12,15,1.19,3.36,10.86,10.47,101.01
2018,12,16,3.43,4.82,0.63,3.38,100.21
2018,12,17,4.56,5.13,2.84,3.62,101.07
2018,12,18,7.19,5.86,4.61,4.13,100.62
2018,12,19,6.46,5.8,1.4,3.7,100.03
2018,12,20,6.52,5.8,1.17,1.46,100.05
2018,12,21,8.59,6.65,10.64,8.9,99.47
2018,12,22,6.87,5.98,3.09,4.12,100.83
2018,12,23,6.03,5.62,10.22,3.22,101.33
2018,12,24,4.64,4.76,0.25,3.89,102.72
2018,12,25,3.43,4.64,0.29,2.64,102.98
2018,12,26,6.37,5.74,0.33,1.6,102.57
2018,12,27,5.94,5.62,0.19,1.89,102.18
2018,12,28,6.56,5.8,0.2,2.48,102.51
2018,12,29,8.18,6.29,0.17,5.57,102.54
2018,12,30,6.77,5.86,0.2,2.77,102.91
2018,12,31,6.77,5.62,0.15,2.71,102.98
2019,1,1,6.58,5.13,0.11,1.97,102.94
2019,1,2,4.13,4.03,0.17,3.02,103.72
2019,1,3,1.76,3.72,0.16,1.33,103.81
2019,1,4,-0.35,3.42,0.37,2.69,103.61
2019,1,5,1.62,3.97,0.35,2.45,103.26
2019,1,6,3.77,4.82,0.32,2.16,103.09
2019,1,7,6.55,5.68,0.67,7.64,102.46
2019,1,8,5.2,4.7,0.22,2.64,102
2019,1,9,4.37,4.21,0.37,5.9,102.28
2019,1,10,2.89,4.46,0.9,1.31,102.46
2019,1,11,4.91,5.19,0.29,1.52,102.39
2019,1,12,6.15,5.55,0.81,3.92,101.48
2019,1,13,8.5,5.86,0.32,4.35,100.53
2019,1,14,4.37,4.76,0.31,6.18,101.32
2019,1,15,5.35,5.25,0.11,2.91,101.19
2019,1,16,6.23,5.68,3.18,5.21,99.94
2019,1,17,2.01,4.03,1.25,6.34,100.41
2019,1,18,1.09,3.72,0.04,4.12,101.25
2019,1,19,1.4,3.6,0,3.98,100.79
2019,1,20,0.15,3.17,0.01,1.86,101.4
2019,1,21,0.3,3.78,0.23,6.03,101.58
2019,1,22,1.33,4.03,5.6,7.6,99.64
2019,1,23,0.07,3.66,3.28,2.02,99.73
2019,1,24,-0.43,3.6,0.47,1.73,100.66
2019,1,25,4.64,5.31,2.2,5.48,100.7
2019,1,26,6.73,5.92,1.77,3.68,99.5
2019,1,27,4.41,4.7,6.21,9.52,98.27
2019,1,28,1.54,3.91,1.15,8.84,99.81
2019,1,29,0.54,3.72,3.1,2.53,99.47
2019,1,30,-0.56,3.54,2.98,3.05,99.03
2019,1,31,-0.68,3.3,0.17,5.02,98.88
2019,2,1,1.5,3.72,2.08,3.87,98.58
2019,2,2,2.19,4.03,1.12,3.16,100.06
2019,2,3,1.02,3.48,0.16,3.58,101.68
2019,2,4,3.15,4.7,7.61,9.39,101.39
2019,2,5,3.35,4.7,0.8,7.12,101.86
2019,2,6,7.47,6.04,9.26,6.57,101.13
2019,2,7,6.33,5.19,2.44,8.95,99.86
2019,2,8,7.75,6.16,4.29,8.82,99.31
2019,2,9,6.9,4.94,0.34,8.33,99.25
2019,2,10,4.24,4.88,10.62,5.92,99.15
2019,2,11,2.65,4.21,0.16,4.39,101.77
2019,2,12,3.59,4.7,0.08,2.87,102.72
2019,2,13,6.85,5.43,0.12,3.11,102.77
2019,2,14,4.87,4.88,0.02,2.59,102.81
2019,2,15,5.51,5.13,0.07,2.69,102.29
2019,2,16,7.87,6.1,0.12,2.22,101.78
2019,2,17,8.16,5.86,0.08,3.13,101.19
2019,2,18,7.53,5.86,0.81,2.26,101.02
2019,2,19,5.87,4.94,0.07,3.34,101.26
2019,2,20,7.48,5.43,0.07,3.05,101.47
2019,2,21,8.56,6.41,0.22,4.17,102.09
2019,2,22,8.11,6.04,0.25,4.43,103.07
2019,2,23,7.89,5.86,0.05,3.12,103.08
2019,2,24,6.6,5.07,0,2.26,103.23
2019,2,25,6.8,4.82,0,1.38,103.26
2019,2,26,7.76,5.07,0,2.91,102.89
2019,2,27,7.65,5.74,0,1.66,102.01
2019,2,28,7.43,6.04,0.46,5.95,100.98
2019,3,1,6.61,5.31,0.68,4.08,101.26
2019,3,2,8.85,6.1,0.73,7.47,100.41
2019,3,3,9.7,6.9,5.79,8.88,99.19
2019,3,4,6.19,4.52,0.21,6.95,98.65
2019,3,5,6.16,4.88,0.94,2.89,99.68
2019,3,6,9.23,6.84,9.05,4.4,98.6
2019,3,7,6.97,5.19,2.18,8.16,98.47
2019,3,8,5.98,4.82,3.49,5.73,100.32
2019,3,9,7.2,4.94,0.54,9.98,100.44
2019,3,10,4.58,4.27,16.64,12.39,100.18
2019,3,11,4.92,3.97,0.36,9.02,101.41
2019,3,12,5.88,5.19,7.84,6.61,99.89
2019,3,13,7.25,4.82,0.37,7.47,99.82
2019,3,14,8.09,5.31,4.46,8.59,99.72
2019,3,15,9.59,5.8,4.9,8.8,99.9
2019,3,16,9.74,6.41,5.74,10.28,99.43
2019,3,17,5.36,4.39,1.24,3.9,99.78
2019,3,18,5.44,4.39,0.09,4.29,101.45
2019,3,19,6.9,5.62,0.35,2.48,102.22
2019,3,20,10.08,6.65,0.08,1.36,102.68
2019,3,21,10.8,6.96,0.28,4.39,102.81
2019,3,22,9.56,6.29,0.05,3.42,102.38
2019,3,23,7.48,4.82,0.03,4.02,102.75
2019,3,24,7.2,4.33,0,6.7,102.48
2019,3,25,5.98,4.46,0.02,8.12,102.59
2019,3,26,6.32,4.7,0.03,4.45,102.88
2019,3,27,8.51,5.31,0.07,2.01,102.98
2019,3,28,8.31,5.62,0.15,3.2,103.12
2019,3,29,8.57,5.43,0.01,2.22,102.5
2019,3,30,9.88,6.1,0.08,3.98,101.78
2019,3,31,7.05,4.52,0.1,3.38,102.25
2019,4,1,5.79,4.15,0,3.63,101.68
2019,4,2,5.41,5.13,1.59,3.5,99.88
2019,4,3,3.51,4.33,2.8,2.45,99.48
2019,4,4,5.74,4.27,0.09,6.58,99.39
2019,4,5,7.74,4.76,0,4.14,100.11
2019,4,6,7.16,5.49,0.39,2.23,100.28
2019,4,7,8.42,6.29,1.46,3.35,100.42
2019,4,8,10.45,6.41,0.36,2.62,100.7
2019,4,9,7.65,5.13,0,3.59,101.13
2019,4,10,5.66,3.85,0,4.16,101.69
2019,4,11,4.4,3.72,0.03,2.48,102.25
2019,4,12,4.48,3.91,0.42,2.48,102.35
2019,4,13,3.57,3.54,0.17,3.34,102.41
2019,4,14,4.35,3.78,0.16,3.2,102.25
2019,4,15,7.5,4.94,0.01,4.88,101.8
2019,4,16,8.73,5.8,0,3.94,101.25
2019,4,17,10.61,6.47,0.02,3.27,101.66
2019,4,18,11.4,6.47,0.02,4.11,102.14
2019,4,19,11.62,6.16,0,3.77,102.57
2019,4,20,12.03,6.53,0.03,1.36,102.62
2019,4,21,11.33,5.74,0,1.82,101.68
2019,4,22,12.29,6.59,0,3.44,100.34
2019,4,23,11.71,6.59,0,3.59,99.48
2019,4,24,12.83,7.32,0.29,8.7,99.14
2019,4,25,10.87,6.71,2.53,4.65,99.74
2019,4,26,11.35,6.1,0.24,4.79,100.49
2019,4,27,8.66,5.37,2.51,4.16,100.22
2019,4,28,9.1,5.86,1.22,5.82,101.4
2019,4,29,9.98,5.92,0.21,1.57,102.2
2019,4,30,9.23,5.68,0.01,1.45,102.06
2019,5,1,11.19,6.53,1.21,3.39,101.33
2019,5,2,11.12,6.47,3.95,3.8,100.86
2019,5,3,7.15,5.31,6.07,4.28,101.02
2019,5,4,6.19,4.46,1.6,6.6,101.38
2019,5,5,7.49,4.46,0.53,6.29,101.98
2019,5,6,6.92,4.64,0.41,3.3,101.65
2019,5,7,8.48,5.49,1.21,2.65,101.04
2019,5,8,10.07,6.65,10.08,4.68,99.11
2019,5,9,9.82,6.53,2.59,3.11,99.31
2019,5,10,8.87,5.49,1.01,2.3,100.54
2019,5,11,8.58,4.94,0.79,4.22,101.65
2019,5,12,8.76,4.64,0,2.85,103.23
2019,5,13,9.72,4.76,0,2.91,103.6
2019,5,14,10.23,5.49,0,2.77,103.07
2019,5,15,10.54,5.62,0,1.97,102.32
2019,5,16,10.83,5.8,0.1,4.44,101.6
2019,5,17,11.33,7.26,1.09,4.39,100.52
2019,5,18,12.09,7.02,0.5,2.02,100.29
2019,5,19,11.77,6.96,1.29,3.83,100.6
2019,5,20,12.21,7.14,1.39,3.55,100.85
2019,5,21,12.94,6.9,0.04,4.72,101.32
2019,5,22,13.3,6.71,0.01,2.86,101.46
2019,5,23,15.22,7.26,0.01,1.8,101.15
2019,5,24,14.75,7.14,0,5.63,101.21
2019,5,25,15.3,7.51,0.07,3.96,101.29
2019,5,26,15.73,9.03,2.45,6.27,100.69
2019,5,27,12.98,6.9,2.23,6.52,100.44
2019,5,28,11.22,6.65,4.43,3.18,100.81
2019,5,29,12.44,6.9,2.19,5.56,101.36
2019,5,30,17.72,9.95,0.82,3.28,101.47
2019,5,31,16.87,9.03,0.03,1.7,101.77
2019,6,1,16.36,8.48,0.01,3.09,101.54
2019,6,2,18.51,9.64,0.01,4.28,100.55
2019,6,3,14.88,7.39,0.03,3.24,100.73
2019,6,4,13.62,7.87,11.15,5.74,100.27
2019,6,5,13.8,7.93,6.15,3.92,100.19
2019,6,6,13.89,7.02,1.04,4.33,100.58
2019,6,7,13.59,8.12,5.65,7.7,100.09
2019,6,8,12.26,7.45,2.93,10.14,100.48
2019,6,9,13.33,6.84,0.06,2.41,101.63
2019,6,10,11.58,7.75,43.43,8.39,101.02
2019,6,11,13.2,8.61,4.03,4.01,100.73
2019,6,12,12.45,7.81,11.64,3.22,100.52
2019,6,13,12.7,7.87,4.23,7.55,100.16
2019,6,14,14.89,8.06,0.75,6.27,100.66
2019,6,15,15.03,8.12,0.53,5.9,100.88
2019,6,16,15.08,8.3,1.83,4.8,101.22
2019,6,17,16.47,8.3,0.03,3.63,101.32
2019,6,18,15.91,8.79,3.25,2.3,101
2019,6,19,16.03,9.83,7.26,3.34,100.36
2019,6,20,15.71,8.48,0.98,3.88,100.73
2019,6,21,14.87,7.32,0.02,3.02,101.48
2019,6,22,14.87,7.69,0,2.3,101.84
2019,6,23,16.49,9.4,0.1,2.27,101.46
2019,6,24,21.23,12.39,1.55,4.93,101.22
2019,6,25,18.33,10.93,2.97,4.28,101.52
2019,6,26,15.58,8.97,0.75,2.71,102.44
2019,6,27,14.52,7.81,0.03,3.23,102.64
2019,6,28,14.9,8.48,0.07,3.03,102.18
2019,6,29,19.72,11.17,0.08,2.95,101.21
2019,6,30,19.49,9.89,0,1.98,101.01
2019,7,1,16.72,8.3,0.03,3.39,101.46
2019,7,2,15.33,7.63,0.02,1.95,102.06
2019,7,3,15.45,7.08,0,3.64,102.33
2019,7,4,17.28,8.3,0,3.3,102.03
2019,7,5,18.55,9.16,0,2.87,101.38
2019,7,6,15.68,9.09,2.37,3.02,100.94
2019,7,7,14.48,6.96,0.03,3.05,101.35
2019,7,8,13.84,6.9,0.01,2.8,101.77
2019,7,9,14.76,8.18,0.69,2.98,101.73
2019,7,10,18.14,11.35,6.8,1.52,101.32
2019,7,11,19.32,10.62,0.76,2.41,100.79
2019,7,12,17.69,9.95,1.26,3.4,100.98
2019,7,13,16.05,9.16,0.34,3.35,101.71
2019,7,14,15.4,8.3,0.36,4.68,101.94
2019,7,15,15.5,8.12,0.15,3.83,101.82
2019,7,16,18.24,9.22,0.03,1.82,101.45
2019,7,17,19.28,9.4,0,3.7,100.95
2019,7,18,17.9,10.01,1.46,4.03,100.55
2019,7,19,17.35,9.95,4.38,5.58,100.68
2019,7,20,18.87,11.05,22.26,5.24,100.37
2019,7,21,17.55,8.91,0.01,2.95,101.51
2019,7,22,21.42,12.33,0.08,5.48,101.61
2019,7,23,21.94,11.84,0.06,3.67,101.45
2019,7,24,24.28,13.12,0.24,5.73,100.8
2019,7,25,23.65,13.18,0.02,5.09,100.81
2019,7,26,23.07,12.76,2.38,2.5,100.53
2019,7,27,18.92,12.02,22.88,3.09,100.05
2019,7,28,17.89,11.17,17.45,3.12,99.97
2019,7,29,18.29,9.4,0.01,2.34,100.52
2019,7,30,19.18,10.62,0.9,6.88,100.3
2019,7,31,17.93,10.25,3.05,3.31,100.61
2019,8,1,18.12,10.25,0.54,2.94,101.21
2019,8,2,17.9,10.13,0.31,4.38,101.47
2019,8,3,18.07,10.13,0.11,3.03,101.5
2019,8,4,18.87,10.8,1.04,3.2,101.03
2019,8,5,18.65,10.07,1.29,5.2,100.47
2019,8,6,17.82,9.28,0.37,4.2,100.27
2019,8,7,17.65,9.34,0.97,3.92,100.12
2019,8,8,18.34,9.58,0.23,2.99,100.54
2019,8,9,19.98,11.9,12.36,5.17,99.78
2019,8,10,18.81,9.64,1.15,6.08,99.84
2019,8,11,17.85,9.03,1.34,6.89,100.56
2019,8,12,14.6,7.69,0.85,1.93,100.99
2019,8,13,14.33,7.08,1.53,4.48,101.23
2019,8,14,14.97,8.91,12.49,7.35,100.77
2019,8,15,16.62,8.79,1.29,6.87,100.62
2019,8,16,15.55,8.91,7.74,8.02,100.63
2019,8,17,17.8,9.28,0.43,5.21,99.94
2019,8,18,16.25,8.36,1.51,4.2,100.04
2019,8,19,15.48,8.18,1.75,3.32,100.86
2019,8,20,14.83,7.26,0.23,3.63,101.78
2019,8,21,16.02,8.12,0.01,3.08,102.18
2019,8,22,17.6,8.97,0.01,3.11,101.96
2019,8,23,18.19,10.25,0,2.32,102.02
2019,8,24,18.33,10.44,0.01,2.55,101.62
2019,8,25,21.2,10.13,0,1.7,101.49
2019,8,26,20.82,10.62,0,2.68,101.44
2019,8,27,21.53,12.21,0.17,1.79,101.08
2019,8,28,19.79,11.17,1.58,3.98,100.89
2019,8,29,17.08,8.3,0.38,2.92,101.46
2019,8,30,17.82,8.79,0.01,3.36,101.54
2019,8,31,17.47,9.03,0.14,3.92,100.76
2019,9,1,14.05,6.71,0.06,3.61,101.28
2019,9,2,14.67,7.14,0.02,3.07,101.78
2019,9,3,17.13,8.97,0.14,3.25,101.67
2019,9,4,15.9,8.06,5.82,3.11,100.91
2019,9,5,12.76,6.23,0.24,5.41,101.89
2019,9,6,12.6,7.45,1.48,5.95,101.62
2019,9,7,12.58,6.77,1.1,4.11,101.82
2019,9,8,12.87,6.16,0.08,4.82,101.84
2019,9,9,11.28,7.02,1.73,3.98,101.05
2019,9,10,13.85,8.06,0.5,2.48,101.38
2019,9,11,15.82,8.85,2.44,7.9,101.42
2019,9,12,17.3,9.16,0.09,6.2,102.11
2019,9,13,14.13,7.26,0.11,3.98,102.99
2019,9,14,14.59,7.2,0,3.93,102.78
2019,9,15,15.87,8.79,1.25,4.3,101.94
2019,9,16,13.51,8.12,5.14,2.41,101.79
2019,9,17,10.97,6.16,0.02,4.38,102.11
2019,9,18,11.83,5.92,0,3.69,102.54
2019,9,19,13.31,7.08,0,2.51,102.72
2019,9,20,14.15,7.81,0.01,4.75,102.25
2019,9,21,15.46,8,0,4.7,101.06
2019,9,22,17.84,10.68,0.94,1.79,100.13
2019,9,23,16,8.85,4.21,4.1,100.59
2019,9,24,15.67,10.31,13.32,4.81,99.81
2019,9,25,15.46,9.83,5.08,2.62,99.59
2019,9,26,16.01,9.4,3.64,5.04,99.77
2019,9,27,13.89,8.48,2.95,4.69,99.85
2019,9,28,14.13,8.24,3.03,6.77,100.2
2019,9,29,15.56,9.89,21.07,5.13,99.19
2019,9,30,13.12,8.12,21.36,4.88,100.35
2019,10,1,14.16,8.85,6.11,7.74,99.62
2019,10,2,9.31,5.37,0.24,5.15,101.19
2019,10,3,8.77,5.62,3.09,5.73,101.2
2019,10,4,12.23,7.69,4.83,4.92,100.02
2019,10,5,11.55,6.9,0.14,2.62,101.08
2019,10,6,12.06,7.93,22.3,4.38,100.59
2019,10,7,12.02,7.45,6.39,5.46,100.93
2019,10,8,12.4,7.57,0.56,3.96,100.06
2019,10,9,10.13,6.59,1.27,3.05,99.92
2019,10,10,11.49,6.9,0.27,3.73,100.44
2019,10,11,14.55,9.52,6.64,6.73,100.08
2019,10,12,10.94,7.14,2.79,3.94,100.36
2019,10,13,12.69,8.54,4.92,9.35,100.06
2019,10,14,11.78,8.36,11.23,5.67,100.29
2019,10,15,11.86,7.81,0.29,4.89,99.92
2019,10,16,11.01,7.75,1.79,6.05,99.9
2019,10,17,9.1,6.59,0.92,3.85,100.16
2019,10,18,11.14,7.2,4.87,4.62,99.49
2019,10,19,10.33,6.77,0.64,4.03,99.63
2019,10,20,9.57,6.71,0.5,3.9,100.6
2019,10,21,11.26,7.51,6.25,1.88,101.35
2019,10,22,8.42,5.8,0.19,2.51,101.86
2019,10,23,9.76,7.02,1.81,3.91,100.99
2019,10,24,10.75,8,4.26,3.53,100.07
2019,10,25,12.05,7.87,0.92,9.25,100.65
2019,10,26,12.8,8.18,5.85,7.66,100.3
2019,10,27,6.55,5.13,0.01,3.27,101.74
2019,10,28,7.1,5.31,0.11,1.12,102.07
2019,10,29,7.12,5.19,0.09,2.48,102.24
2019,10,30,6.93,4.82,0.01,2.8,102.22
2019,10,31,6.48,4.94,0,3.52,101.61
2019,11,1,10.72,8,6.96,5.29,99.5
2019,11,2,10.94,7.63,4.99,7.27,97.57
2019,11,3,8.62,6.53,0.69,5.12,97.73
2019,11,4,8.65,6.59,2.98,1.96,98.05
2019,11,5,9.37,7.02,3.64,5.04,99.22
2019,11,6,6.14,4.94,0.23,3.69,99.87
2019,11,7,7.08,5.86,11.35,2.73,98.96
2019,11,8,5.01,5.19,1.75,2.87,100.06
2019,11,9,4.03,4.52,0.24,3.9,100.24
2019,11,10,5.66,5.07,0.12,1.77,100.74
2019,11,11,6.03,5.37,7.71,4.54,99.59
2019,11,12,4.4,5,3.74,3.75,99.13
2019,11,13,3.96,5,1.13,4.15,99.36
2019,11,14,5.83,5.43,9.96,4.47,99.4
2019,11,15,6.22,5.13,1.34,6.82,99.93
2019,11,16,4.71,4.76,0.14,1.45,100.23
2019,11,17,3.34,4.82,0.39,4.65,100.72
2019,11,18,5.8,4.94,1.32,3.71,100.95
2019,11,19,1.62,3.91,0.12,3.71,101.28
2019,11,20,4.29,4.64,0.18,2.88,101.01
2019,11,21,4.81,4.82,0.08,2.7,100.16
2019,11,22,7.9,6.23,1.06,3.01,99.46
2019,11,23,8.45,6.53,4.5,5.13,99.28
2019,11,24,7.63,6.59,0.46,2.45,99.96
2019,11,25,8.75,6.77,1.76,2.66,99.98
2019,11,26,10.01,7.51,3.77,4.52,99.17
2019,11,27,9.03,7.14,13.49,6.83,97.91
2019,11,28,7.27,6.1,8.6,5.63,98.88
2019,11,29,3.26,4.52,0.18,2.92,101.03
2019,11,30,3,4.33,0.07,3.26,101.86
2019,12,1,3.55,4.52,0.58,2.17,101.98
2019,12,2,2.69,4.39,0.25,3.11,102.52
2019,12,3,3.49,4.7,0.1,2.16,102.22
2019,12,4,2.81,4.64,0.11,2.44,101.68
2019,12,5,4.31,4.94,2.74,7.64,101.22
2019,12,6,9.69,7.08,6.55,3.62,99.88
2019,12,7,7.55,5.92,0.12,4.3,100.53
2019,12,8,7.99,5.74,4.03,5.26,99.14
2019,12,9,4.9,4.88,0.87,8.47,100.22
2019,12,10,5.64,5.37,3.69,11.3,100.81
2019,12,11,4.24,4.94,0.74,1.73,99.93
2019,12,12,3.91,5,11.98,7.5,98.45
2019,12,13,5.02,5.25,1.84,5.23,97.22
2019,12,14,3.44,4.46,2.69,5.45,98.24
2019,12,15,5.21,5.13,2.95,5.73,98.86
2019,12,16,5.7,5.68,4.9,5.91,99.59
2019,12,17,4.98,5.31,20.46,4.48,99.58
2019,12,18,5.57,5.49,0.69,6.95,100.47
2019,12,19,10.03,7.39,7.34,3.33,99.41
2019,12,20,8.53,6.84,13.36,4.74,97.61
2019,12,21,7.37,6.29,4.92,4.38,97.59
2019,12,22,6.3,5.92,4.3,6.2,97.83
2019,12,23,6.19,5.55,0.19,3.58,100.02
2019,12,24,7.47,6.1,4.2,6.32,100.19
2019,12,25,4.91,5.13,0.34,6.34,101.76
2019,12,26,5.76,5.43,3.87,7.2,101.37
2019,12,27,6.95,5.68,0.67,2.87,102.44
2019,12,28,6.83,5.68,0.17,2.95,103.21
2019,12,29,5.05,5.13,0.01,2.54,102.85
2019,12,30,4.69,5,0.29,3.57,102.39
2019,12,31,5,5.25,0.18,1.98,102.87
2020,1,1,3.55,4.64,0.08,2.34,102.51
2020,1,2,6.05,5.62,0.25,4.41,101.51
2020,1,3,6.13,5.62,3.63,3.7,101.49
2020,1,4,4.45,4.82,0.09,4.15,102.69
2020,1,5,5.28,5.25,0.24,2.58,102.73
2020,1,6,5.83,5.19,0.63,3.4,101.64
2020,1,7,7.28,6.16,0.9,5.03,101.53
2020,1,8,8.81,6.47,2.5,7.7,101.56
2020,1,9,9.37,6.71,6.21,9.77,100.16
2020,1,10,4.29,4.94,2.97,5.14,101.65
2020,1,11,6.76,5.49,0.14,4.57,101.75
2020,1,12,7.82,6.04,3.85,7.49,101.16
2020,1,13,7.23,5.92,5.11,9.37,100.3
2020,1,14,9.19,6.84,3.74,9.64,99.08
2020,1,15,7.72,6.04,9.45,10.43,100.13
2020,1,16,7.28,5.86,1.2,5.45,101.09
2020,1,17,6.59,5.8,3.04,3.98,100.71
2020,1,18,2.98,4.33,0.07,3.03,102.18
2020,1,19,2.93,4.39,0.05,3.3,103.86
2020,1,20,1.34,3.97,0.07,1.74,104.24
2020,1,21,3.27,4.52,0.34,2.48,103.67
2020,1,22,6.35,5.68,0.41,1.52,103.27
2020,1,23,6.59,5.62,0.6,0.61,102.71
2020,1,24,5.55,5.43,0.64,1.8,101.82
2020,1,25,4.78,5,0.48,2.89,101.41
2020,1,26,7.27,5.98,2.28,3.08,100.47
2020,1,27,6.1,5.68,7.24,4.47,99.46
2020,1,28,3.68,4.46,1.5,4.39,98.83
2020,1,29,3.7,4.52,0.06,3.32,100.11
2020,1,30,7.66,6.35,0.41,3.8,99.82
2020,1,31,9.52,7.02,2.47,4.23,99.89
2020,2,1,8.63,5.86,0.14,6.3,99.72
2020,2,2,7.89,6.16,4.27,7.15,100.08
2020,2,3,7.43,5.37,0.07,4.38,100.54
2020,2,4,5.1,4.82,0.64,7.27,101.42
2020,2,5,4,4.7,0.04,1.83,103.11
2020,2,6,3.51,4.58,0.07,3.07,102.7
2020,2,7,4.08,4.7,0.03,5.12,101.61
2020,2,8,6.8,5.43,0.34,4.38,100.95
2020,2,9,9.75,6.59,7.99,10.06,98.57
2020,2,10,5.94,4.7,3.64,6.09,98.76
2020,2,11,3.97,3.78,0.32,2.81,99.75
2020,2,12,3.14,3.97,0.05,6.69,100.66
2020,2,13,5.52,5.31,12.19,5.92,99.33
2020,2,14,5.94,5.37,1.39,6.66,101.1
2020,2,15,10.75,7.26,3.36,11.48,100.06
2020,2,16,9.73,6.77,14.21,8.26,98.92
2020,2,17,6.41,4.88,0.38,6.01,100.23
2020,2,18,5.18,4.88,2.52,3.23,101.05
2020,2,19,4.85,4.7,2.21,2.6,101.14
2020,2,20,6.91,5.55,4.6,6.11,100.47
2020,2,21,5.97,4.82,0.02,5.25,101.42
2020,2,22,9.26,5.74,0.49,6.71,101
2020,2,23,7.57,5.62,11.44,10.23,100.95
2020,2,24,7.12,5.74,14.53,10.07,100.32
2020,2,25,4.12,4.58,1.34,4.65,99.3
2020,2,26,2.88,4.09,0.76,4.42,99.6
2020,2,27,2.46,4.03,2.06,9.1,99.81
2020,2,28,4.22,5,8.01,7.98,100.02
2020,2,29,7.12,5.31,3.1,3.91,97.97
2020,3,1,4.98,4.46,0.12,6.81,98.25
2020,3,2,4.21,4.58,4.21,6.01,98.45
2020,3,3,3.58,4.46,0.92,2.81,99.62
2020,3,4,4.08,4.46,1.53,3.48,100.35
2020,3,5,5.28,5.13,2.93,5.37,99.16
2020,3,6,4.19,4.27,0.25,4.25,99.97
2020,3,7,5.99,5.31,0.09,6.45,100.87
2020,3,8,8.88,5.92,1.25,8.15,100
2020,3,9,6.41,5.19,4.64,4.95,100.38
2020,3,10,11.26,7.45,3.12,7.96,99.68
2020,3,11,9.45,6.23,0.25,7.77,100.2
2020,3,12,6.36,4.39,0.37,4.17,100.18
2020,3,13,6.53,5,0.85,8.89,101.12
2020,3,14,7.17,5.86,2.44,6.13,100.92
2020,3,15,8.35,6.1,2.07,8.12,100.35
2020,3,16,5.61,4.88,0.3,2.79,101.58
2020,3,17,8.26,5.8,0.03,3.45,102.08
2020,3,18,9.12,6.65,2.17,6.73,101.93
2020,3,19,6.05,4.94,1.6,3.2,102.3
2020,3,20,5.59,4.58,0.1,5,102.58
2020,3,21,4.94,3.78,0,4.33,102.5
2020,3,22,4.32,3.66,0,3.89,102.56
2020,3,23,4.83,3.72,0,3.95,102.49
2020,3,24,5.45,3.85,0,4.27,102.29
2020,3,25,4.55,3.85,0,2.51,102.2
2020,3,26,4.52,3.91,0,3.3,102.08
2020,3,27,5.66,4.46,0,4.78,102.11
2020,3,28,5.86,4.46,0.11,4.5,102.57
2020,3,29,4.05,3.23,0.21,8.16,103.34
2020,3,30,4.87,4.46,1.03,5.16,102.95
2020,3,31,5.03,3.91,0.08,3.73,102.79
2020,4,1,4.83,4.21,0.14,2.41,101.87
2020,4,2,6.97,5.25,0.24,5.83,100.95
2020,4,3,6.25,4.58,0.08,4.2,101.26
2020,4,4,7.52,5.19,0.01,3.16,101.68
2020,4,5,10.26,5.86,0,4.77,101.17
2020,4,6,11.23,6.65,0.19,4.15,101.32
2020,4,7,9.68,5.8,0,3.73,102.56
2020,4,8,12.25,6.59,0,2.19,102.14
2020,4,9,11.17,5.86,0.01,3.99,102.25
2020,4,10,10.83,6.16,0.01,1.54,102.22
2020,4,11,12.62,6.65,0,1.88,101.84
2020,4,12,13.37,7.26,0.18,7.3,101.14
2020,4,13,6.06,3.97,0.48,6.85,102.28
2020,4,14,6.23,4.15,0.13,1.95,102.45
2020,4,15,8.05,4.76,0,1.38,101.93
2020,4,16,9.63,5.86,0,2.81,101.36
2020,4,17,8.36,5.37,0.03,2.84,101.5
2020,4,18,7.64,5.49,5.15,2.62,101.47
2020,4,19,8.46,5.19,0,5.12,101.73
2020,4,20,9.6,5.19,0,5.06,101.62
2020,4,21,10.24,5.68,0,5.43,101.56
2020,4,22,10.8,6.16,0.01,3.76,101.74
2020,4,23,11.4,6.47,0.05,2.5,101.65
2020,4,24,10.01,5.74,0.02,1.76,101.28
2020,4,25,8.69,5.37,0.02,1.21,101.17
2020,4,26,10.3,5.8,0,3.07,100.77
2020,4,27,10.85,6.53,0.19,2.77,100.36
2020,4,28,6.98,5.43,9.2,3.95,100.17
2020,4,29,8.84,6.16,3.57,5.84,99.73
2020,4,30,9.22,5.98,6.76,5.1,99.02
2020,5,1,9.06,6.04,3.14,3.81,99.35
2020,5,2,9.97,5.92,0.28,4.49,100.53
2020,5,3,10.48,6.47,1.16,2.63,101.23
2020,5,4,9.58,6.04,0.19,3.89,101.69
2020,5,5,7.82,4.52,0,4.02,101.96
2020,5,6,8.88,5.13,0,1.46,102.24
2020,5,7,11.65,6.53,0,1.89,101.89
2020,5,8,15.09,8.06,0.27,2.02,101.37
2020,5,9,14.42,7.14,0,2.41,100.95
2020,5,10,9.11,5.92,2.07,9.37,100.79
2020,5,11,6.43,3.85,0.2,8.34,101.64
2020,5,12,7.87,4.58,0.17,3.62,101.51
2020,5,13,6.75,4.27,0.51,4.52,101.37
2020,5,14,6.9,4.09,0.03,3.61,101.91
2020,5,15,10.35,5.31,0.01,2.55,101.9
2020,5,16,10.62,5.86,0.01,3.23,101.86
2020,5,17,13.15,6.71,0,2.54,101.83
2020,5,18,15.13,8,0.02,3.23,101.79
2020,5,19,16.96,9.46,0.19,3.2,101.83
2020,5,20,17.47,9.46,0,4.3,101.76
2020,5,21,17.89,9.77,0.21,4.16,101.48
2020,5,22,16.08,7.69,0.4,5.37,100.99
2020,5,23,13.26,6.29,0.21,5.29,101.57
2020,5,24,14.48,7.69,0.43,6.62,102.41
2020,5,25,15.91,8,0,2.12,102.98
2020,5,26,15.75,7.87,0.01,1.42,103.15
2020,5,27,14.79,8.06,0.08,4.52,103.24
2020,5,28,12.98,6.9,0,1.95,103.1
2020,5,29,12.73,6.35,0,2.41,102.54
2020,5,30,14.3,7.32,0,2.67,102.1
2020,5,31,14.81,7.45,0,3.08,102.06
2020,6,1,15.15,8,0.02,2.76,101.98
2020,6,2,14.83,8.12,0.05,1.83,101.44
2020,6,3,13.51,7.87,0.19,5.68,100.45
2020,6,4,11.47,6.53,1.02,6.04,99.71
2020,6,5,9.65,5.98,4.71,3.79,99.02
2020,6,6,9.05,6.16,4.66,5.37,99.17
2020,6,7,10.58,7.14,4.61,2.62,100.4
2020,6,8,10.8,6.16,0.7,4.39,101.41
2020,6,9,11.8,5.98,0.17,1.69,101.6
2020,6,10,11.19,7.14,4.89,3.02,101.2
2020,6,11,13.56,8.79,7.44,5.35,100.85
2020,6,12,15.76,9.7,1.89,4.1,100.37
2020,6,13,16.69,9.52,2.41,2.06,100.66
2020,6,14,16.86,9.95,0.44,2.13,101.04
2020,6,15,18.04,9.64,0.45,1.51,101.19
2020,6,16,16.84,9.58,0.82,1.66,101.07
2020,6,17,16.45,10.07,4.72,2.62,100.89
2020,6,18,15.69,9.34,19.2,4.96,100.59
2020,6,19,15.36,8.54,0.62,5.62,101.01
2020,6,20,16.05,8.79,0.33,2.23,101.51
2020,6,21,16.55,9.09,1.27,4.17,101.25
2020,6,22,16.03,7.93,0,2.13,101.98
2020,6,23,17.58,8.85,0,1.51,102.01
2020,6,24,19.61,10.38,0,2.16,101.8
2020,6,25,19.64,10.31,0,2.65,101.32
2020,6,26,19.95,12.33,2.79,4.52,100.49
2020,6,27,17.37,9.83,2.76,7.03,100.05
2020,6,28,15.08,7.75,1.18,4.05,100.36
2020,6,29,13.98,7.26,0.16,4.28,100.33
2020,6,30,15.15,8.61,1.19,6.12,100.17
2020,7,1,16.71,9.89,3.2,3.2,100.02
2020,7,2,15.1,8.67,1.77,4.79,100.61
2020,7,3,15.78,8.54,1.05,8.85,100.93
2020,7,4,17.87,10.99,4.56,3.11,100.42
2020,7,5,17.4,8.24,0.2,2.33,100.34
2020,7,6,14.94,7.51,1.05,7.9,101.26
2020,7,7,13.75,7.93,10.78,3.67,101.46
2020,7,8,14.34,9.03,6.92,4.64,101.03
2020,7,9,15.98,10.31,11.76,4.57,100.62
2020,7,10,13.98,7.81,3.14,3.35,101.23
2020,7,11,14.08,7.26,0.3,3.79,102.15
2020,7,12,16.08,7.87,0.03,2.89,102.39
2020,7,13,16.61,8.67,1.83,3.02,101.8
2020,7,14,16.02,8.73,3.37,3.7,101.18
2020,7,15,15.17,8.73,3.12,2.81,101.11
2020,7,16,17.07,9.64,0.47,4.62,101.45
2020,7,17,19.33,10.62,0.14,1.45,101.56
2020,7,18,19.02,10.44,1.51,4.03,101.31
2020,7,19,15.69,8.61,13.97,5.34,101.36
2020,7,20,15,7.14,0,3.29,101.87
2020,7,21,14.26,7.08,0.01,2.76,102.16
2020,7,22,16.15,8.3,0.01,2.84,101.88
2020,7,23,17.21,8.3,0.01,4.83,101.06
2020,7,24,18.43,10.19,0.23,4.39,100.71
2020,7,25,18.2,11.17,12.72,4.01,100.2
2020,7,26,17.17,9.09,0.26,3.4,100.49
2020,7,27,17.71,10.38,6.41,7.99,100.25
2020,7,28,15.26,7.45,0.14,4.88,100.82
2020,7,29,15.8,8.06,0.06,4.53,101.52
2020,7,30,18.37,9.58,0,2.13,101.47
2020,7,31,21.34,11.35,0.48,4.64,100.9
2020,8,1,19.9,10.93,0.73,3.67,100.98
2020,8,2,17.47,8.73,0.13,3.42,101.11
2020,8,3,15.77,7.93,0.3,3.38,101.15
2020,8,4,16.46,7.93,0.01,6.26,101.09
2020,8,5,19.1,9.16,0.01,4.76,100.81
2020,8,6,20.13,11.78,0.4,2.39,101.32
2020,8,7,22.15,12.15,0,2.47,101.45
2020,8,8,20.86,11.6,0.04,4.67,101.61
2020,8,9,20.75,12.33,0.44,2.78,101.47
2020,8,10,21.51,12.94,0.28,1.57,101.16
2020,8,11,22.92,13.43,0.06,2.38,101.12
2020,8,12,21.96,12.63,0.06,3.07,101.03
2020,8,13,21.1,12.76,0.47,1.09,100.88
2020,8,14,19.94,12.7,1.86,2.15,100.9
2020,8,15,19.73,12.51,4.18,2.31,101.07
2020,8,16,20.09,13,30.92,4.05,100.7
2020,8,17,18.52,11.11,4.59,3.33,100.41
2020,8,18,18.65,10.44,1.37,2.48,100.44
2020,8,19,18.48,11.84,5.11,5.59,100.05
2020,8,20,20.91,12.33,1.27,5.14,99.9
2020,8,21,20.12,10.56,0.11,7.36,99.9
2020,8,22,17.88,8.97,0.32,3.7,100.59
2020,8,23,17.42,9.46,2.26,4.6,100.98
2020,8,24,16.35,8.73,0.77,6.73,100.99
2020,8,25,17.54,9.95,8.71,12.62,99.62
2020,8,26,16.44,8.91,0.86,13.47,100.48
2020,8,27,15.88,9.52,14.31,5.2,100.63
2020,8,28,15.09,9.09,5.44,8.59,99.47
2020,8,29,14.12,8.61,6.06,3.37,100.16
2020,8,30,13.98,7.45,1.76,6.17,101.24
2020,8,31,13.7,7.02,0.16,1.74,101.75
2020,9,1,13.71,6.71,0.01,1.59,101.68
2020,9,2,15.1,7.75,1.73,5.27,101.45
2020,9,3,17.8,10.38,3.48,4.73,100.99
2020,9,4,14.79,7.93,0.79,3.23,101.53
2020,9,5,12.9,7.08,0.13,3.78,101.54
2020,9,6,13.54,7.51,0.64,3.88,101.62
2020,9,7,14.74,8.36,0.23,5.87,101.76
2020,9,8,18.99,11.41,0.22,2.32,101.85
2020,9,9,16.44,9.4,0.79,3.75,101.78
2020,9,10,13.34,6.84,0,1.86,101.82
2020,9,11,13.61,7.02,0,4.93,101.19
2020,9,12,14.75,7.51,0.01,4.24,101.43
2020,9,13,16.8,9.16,0.02,4.38,101.83
2020,9,14,16.58,9.77,0.02,1.2,101.83
2020,9,15,19.24,11.72,0.06,1.88,101.48
2020,9,16,16.45,9.64,0.16,4.8,102.08
2020,9,17,14.17,7.2,0,3.26,102.57
2020,9,18,14.27,7.14,0,4.11,102.08
2020,9,19,15.63,8.54,0,3.67,101.54
2020,9,20,15.19,8.91,0.01,4.22,101.55
2020,9,21,15.55,8.79,0.03,2.88,101.3
2020,9,22,17.06,9.52,0.03,3.37,100.44
2020,9,23,15.15,9.4,4.33,4.3,99.52
2020,9,24,11.3,6.77,6.85,8.23,99.14
2020,9,25,10.47,6.71,25.61,14.7,99.26
2020,9,26,10.46,6.65,8.55,2.96,100.26
2020,9,27,12.41,7.81,3.87,5.69,100.54
2020,9,28,11.7,7.32,1.1,4.54,100.79
2020,9,29,12.58,8.42,2.35,1.75,101.03
2020,9,30,13.44,8.67,8.93,7.47,100.35
2020,10,1,11.8,7.63,6.99,6.74,99.24
2020,10,2,12.8,8.06,9.96,7.29,98.82
2020,10,3,13.51,9.09,15.18,4.2,98.24
2020,10,4,9.61,6.96,9.35,7.92,97.86
2020,10,5,11.56,7.69,5.41,6.49,98.83
2020,10,6,11.19,7.63,9.59,6.27,99.19
2020,10,7,10.81,6.59,1.54,5.5,100.61
2020,10,8,12.45,8.18,13.73,8.3,100.59
2020,10,9,8.9,6.04,1.74,5.59,101.29
2020,10,10,7.65,5.92,3.24,4.81,101.56
2020,10,11,8.65,6.23,0.96,4.7,101.93
2020,10,12,9.01,6.35,2.4,3.77,101.39
2020,10,13,8.73,6.35,3.37,3.82,100.72
2020,10,14,10.43,6.41,1.57,2.6,101.78
2020,10,15,10.01,5.92,0.53,4.1,102.02
2020,10,16,9.88,6.16,0.34,2.39,102.04
2020,10,17,9.76,6.65,1.59,1.12,101.81
2020,10,18,8.83,6.1,0.62,3.12,101.88
2020,10,19,9.44,6.23,0.03,5.19,101.16
2020,10,20,13.37,8.67,2.26,2.52,99.84
2020,10,21,13.48,9.34,21.18,6.07,99.24
2020,10,22,11.67,7.39,0.22,6.97,100.29
2020,10,23,10.53,7.32,1.32,5.9,100.36
2020,10,24,11.48,8,8.85,9.05,99.7
2020,10,25,9.9,6.77,1.34,2.47,99.2
2020,10,26,8.54,6.35,1.86,2.95,99.22
2020,10,27,8.37,6.53,5.71,5.5,99.32
2020,10,28,8.52,6.29,1.63,2.25,99.69
2020,10,29,9.24,7.02,4.89,3.2,100.6
2020,10,30,13.41,9.09,2.47,6.02,101.02
2020,10,31,11.87,7.87,2.93,8,100.7
2020,11,1,13.06,8.54,1.85,8.55,99.74
2020,11,2,13.3,7.87,0.97,5.2,99.84
2020,11,3,6.26,5.31,3.4,6.59,101.3
2020,11,4,5.93,5.07,0.14,3.45,102.84
2020,11,5,4.87,5.25,0.06,1.59,103.4
2020,11,6,7.19,5.62,0,4.37,102.66
2020,11,7,8.17,6.9,0.18,1.33,101.75
2020,11,8,10.96,8.12,0.53,1.93,101.51
2020,11,9,11.94,8.48,1.91,2.11,101.63
2020,11,10,10.8,7.81,1.64,1.66,101.91
2020,11,11,9.97,7.32,0.79,7.48,101.42
2020,11,12,9.27,6.41,3.34,6.74,100.79
2020,11,13,9.68,6.53,2.71,6.05,100.74
2020,11,14,11.01,7.81,4.52,7.94,100.34
2020,11,15,10.8,7.32,12.24,4.97,99.13
2020,11,16,8.41,6.16,0.92,4.02,100.53
2020,11,17,11.5,7.87,0.23,2.33,101.41
2020,11,18,10.98,7.26,0.61,3.71,101.07
2020,11,19,5.68,4.82,1.02,6.83,101.92
2020,11,20,4.31,4.82,0.77,5.02,102.72
2020,11,21,9.52,6.77,0.48,2.95,101.98
2020,11,22,5.98,5.49,0.16,2.6,102.11
2020,11,23,4.28,4.94,0.1,3.63,102.19
2020,11,24,8.76,6.53,0.25,2.07,101.27
2020,11,25,8.65,6.71,0.75,3.47,100.89
2020,11,26,4.8,5.25,0.14,1.99,101.68
2020,11,27,5.57,5.19,0.18,1.59,101.54
2020,11,28,7.25,6.29,0.06,2.14,101.6
2020,11,29,6.27,5.86,0.49,2.91,102.2
2020,11,30,6.46,5.68,2.99,5.6,101.7
2020,12,1,6.12,4.94,0.72,5.78,101.89
2020,12,2,3.07,4.52,1.21,2.65,101.18
2020,12,3,4.41,5.19,13.9,5.62,98.5
2020,12,4,3.65,4.88,14.92,8.51,97.19
2020,12,5,3.41,4.46,0.85,4.01,98.97
2020,12,6,3.21,4.33,0.21,1.75,99.75
2020,12,7,1.3,4.09,0.28,2.59,99.41
2020,12,8,-0.45,3.6,0.61,2.95,99.92
2020,12,9,3.2,4.7,1.9,3.25,100.07
2020,12,10,4.65,4.88,0.29,3.87,99.71
2020,12,11,6.67,6.04,7.25,7.17,98.37
2020,12,12,6.58,5.98,1.95,3.99,99.29
2020,12,13,6.01,5.62,3.21,7.23,99.84
2020,12,14,9.65,7.14,5.21,4.29,99.5
2020,12,15,6.9,6.1,0.16,2.67,100.19
2020,12,16,7.8,6.29,4.17,4.93,100.43
2020,12,17,6.9,5.98,0.13,3.45,100.89
2020,12,18,9.37,6.84,0.39,2.65,100.64
2020,12,19,9.03,6.84,1.14,2.46,100.1
2020,12,20,6.68,5.86,0.38,1.38,100.74
2020,12,21,8.93,6.96,11.36,6.31,100.16
2020,12,22,7.75,6.35,5.71,7.63,100.56
2020,12,23,8.35,6.77,27.82,9.48,100.11
2020,12,24,4.65,4.76,5.48,2.8,101.42
2020,12,25,2.14,4.09,0.89,2.39,102.39
2020,12,26,4.58,5.13,1.47,9.7,100.79
2020,12,27,4.85,5.25,10.26,13.95,97.1
2020,12,28,2.79,4.64,1.89,3.9,97.03
2020,12,29,2.72,4.52,1.53,3.94,98.44
2020,12,30,1.55,4.15,0.33,3.16,99.68
2020,12,31,0,3.66,0.29,1.49,100.05
2021,1,1,1.87,4.27,1.82,1.76,100.6
2021,1,2,2.67,4.39,0.77,2.65,101.08
2021,1,3,3.35,4.39,1.25,3.3,101.41
2021,1,4,3.44,4.21,1.55,3.3,101.69
2021,1,5,3.27,4.33,4.73,1.08,101.69
2021,1,6,2.57,4.09,1.24,2.03,101.54
2021,1,7,0.54,3.72,0.64,2.29,101.26
2021,1,8,0.1,3.66,0.74,3.02,101.43
2021,1,9,0.42,3.6,0.03,2.69,102.15
2021,1,10,0.02,3.66,0.39,1.78,101.98
2021,1,11,4.28,4.94,4.33,4.52,100.97
2021,1,12,4.41,4.82,4.19,6.67,100.77
2021,1,13,1.01,3.91,3.5,3.72,101.32
2021,1,14,1.12,3.85,24.31,6.68,101.46
2021,1,15,1.15,3.3,0.19,2.85,102.51
2021,1,16,1.12,3.91,7.61,6.91,101.49
2021,1,17,2.61,4.33,0.11,3.03,101.66
2021,1,18,2.55,4.39,3.99,4.63,101.44
2021,1,19,8.8,6.65,9.25,5.61,99.66
2021,1,20,9.23,6.84,2.13,3.56,98.24
2021,1,21,4.67,4.76,1.51,9.52,97.76
2021,1,22,2.19,4.15,0.29,4.27,98.62
2021,1,23,0.47,3.78,1.59,2.3,98.98
2021,1,24,-0.63,3.42,0.56,3.05,99.35
2021,1,25,0.3,3.66,0.15,4.12,100.28
2021,1,26,0.44,3.72,2.54,4.12,101.06
2021,1,27,4.9,5.31,1.26,5.53,100.58
2021,1,28,5.33,5.49,21.21,5.8,99.65
2021,1,29,7.37,6.04,7.99,7.88,99.14
2021,1,30,2.31,3.72,0.63,5.62,99.73
2021,1,31,1.03,3.3,0.07,3.38,99.56
2021,2,1,1.8,3.91,0.75,2.98,99.28
2021,2,2,5.09,5.49,9.14,6.59,99.07
2021,2,3,6.97,6.1,2.29,4.76,99.12
2021,2,4,5.97,5.49,2.64,3.45,100.5
2021,2,5,6.31,5.68,1.18,4.18,100.48
2021,2,6,4.55,5.07,6.57,8.05,100.41
2021,2,7,-0.49,2.87,4.48,2.53,100.13
2021,2,8,-1.34,2.75,2.62,5.45,100.07
2021,2,9,-0.88,2.93,1.32,2.06,100.44
2021,2,10,-1.24,2.75,0.37,3.26,101.25
2021,2,11,-1.96,2.62,0.06,2.36,102.43
2021,2,12,-2.1,2.38,0.05,4.84,102.88
2021,2,13,-1.38,2.26,0,2.84,103.05
2021,2,14,0.33,2.93,1.49,2.52,102.31
2021,2,15,4.04,5,7.39,5.39,101.4
2021,2,16,6.33,5.8,4.28,3.45,100.52
2021,2,17,8.26,6.41,3.1,3.98,100.5
2021,2,18,6.06,5.43,1.57,4.76,99.91
2021,2,19,5.98,5.49,0.35,4.98,100.39
2021,2,20,9.21,6.53,0.06,2.36,99.99
2021,2,21,10.17,6.96,0.12,5.3,100.5
2021,2,22,8.99,6.77,0.36,5.79,101.06
2021,2,23,8.76,5.92,0.07,8.09,101.84
2021,2,24,10.49,6.59,0.01,2.77,101.79
2021,2,25,8.52,5.98,0.47,4.23,102.17
2021,2,26,4.88,4.52,0.01,2.93,103.21
2021,2,27,4.94,4.88,0,1.41,103.66
2021,2,28,4.62,4.88,0.16,2.98,103.38
2021,3,1,3.96,4.7,0.62,1.94,102.96
2021,3,2,4.83,5,0.26,3.06,102.65
2021,3,3,3.7,4.58,0.99,1.12,102.39
2021,3,4,3.76,4.27,1.8,4.71,102.07
2021,3,5,2.23,3.48,0.1,3.55,102.78
2021,3,6,2.32,3.36,0.12,1.77,102.99
2021,3,7,2.48,3.17,0.05,1.62,102.29
2021,3,8,3.01,4.39,4.12,2.75,101.82
2021,3,9,5.79,5.07,0.45,4.8,101.42
2021,3,10,5.89,5.43,11.64,8.6,100.11
2021,3,11,8.2,5.55,2.27,8.21,98.78
2021,3,12,5.68,4.82,2.22,5.41,99.44
2021,3,13,5.67,4.82,2.93,7.45,98.73
2021,3,14,6.03,5,2.23,4,100.49
2021,3,15,6.02,4.88,0.07,5.45,101.45
2021,3,16,6.33,5.49,5.99,9.5,102.12
2021,3,17,6.08,5.13,0.85,6.31,102.68
2021,3,18,5.66,5.19,5.61,5.82,102.28
2021,3,19,4.95,4.52,0.07,2.89,102.43
2021,3,20,6.3,5.31,0.19,3.07,102.57
2021,3,21,6.48,4.94,0.23,6.78,102.37
2021,3,22,5.27,4.76,0.02,2.74,102.13
2021,3,23,6.62,5.25,0.13,4.61,101.88
2021,3,24,6.77,5.62,0.32,3.55,101.55
2021,3,25,7.61,5.62,0.45,3.98,101.27
2021,3,26,8.2,5.98,4.69,8.63,100.5
2021,3,27,6.12,4.52,0.88,6.02,101.36
2021,3,28,9.12,6.29,0.33,3.95,101.6
2021,3,29,11.4,7.26,0.07,5.48,102.07
2021,3,30,10.69,6.16,0.01,2.26,102.36
2021,3,31,12.94,7.26,0,2.78,101.66
2021,4,1,6.84,5.19,0.01,5.45,102.21
2021,4,2,5.56,4.39,0.1,4.15,102.61
2021,4,3,5.5,4.27,0.12,5.02,102.75
2021,4,4,7.19,5.07,0.05,5.27,101.93
2021,4,5,3.73,3.48,0.35,4.67,101.2
2021,4,6,0.98,3.23,0.98,4.03,101.38
2021,4,7,1.39,3.05,0.06,5.78,101.73
2021,4,8,5.63,4.7,0.26,5.66,101.5
2021,4,9,6.41,5.19,3.21,4.05,100.85
2021,4,10,4.27,3.91,0.36,4.33,101.06
2021,4,11,3.11,3.6,0.57,3.64,101.45
2021,4,12,3.48,3.42,0.18,3.39,102.38
2021,4,13,4.47,3.48,0.01,1.84,102.81
2021,4,14,4.54,3.66,0.04,4.62,102.92
2021,4,15,3.8,4.15,1.42,3.88,102.91
2021,4,16,4.47,3.91,0.01,2.21,102.75
2021,4,17,4.83,3.97,0,2.64,102.52
2021,4,18,5.9,4.52,0.01,2.01,102.1
2021,4,19,8.13,5.37,0.07,2.45,101.77
2021,4,20,9.62,5.86,0.12,1.34,101.44
2021,4,21,6.83,4.94,0.02,5.87,101.83
2021,4,22,5.65,3.97,0,0.89,102.4
2021,4,23,7.03,4.52,0,2.7,102.59
2021,4,24,6.9,4.88,0,3.3,102.56
2021,4,25,5.62,4.39,0.06,3.37,102.54
2021,4,26,4.83,4.09,0,2.26,101.8
2021,4,27,7.29,4.88,0.01,2.44,100.7
2021,4,28,7.87,4.94,0.01,4.45,100.34
2021,4,29,6.24,4.27,0.06,4.23,100.67
2021,4,30,5.98,4.76,1.64,1.45,101.06
2021,5,1,6.46,4.76,0.73,2.23,101.24
2021,5,2,6.94,4.76,0.27,2.51,101.54
2021,5,3,8.18,5.49,9.08,11.06,100.6
2021,5,4,7.96,5.43,4.55,8.27,99.15
2021,5,5,6.39,4.52,1.41,6.57,100.23
2021,5,6,5.19,4.33,2.39,2.55,100.2
2021,5,7,7.01,4.82,0.31,2.91,100.98
2021,5,8,10.34,7.2,14.36,7.73,100.12
2021,5,9,13.98,8.48,1.94,4.89,99.31
2021,5,10,12.65,7.2,5.58,8.66,99.63
2021,5,11,11.26,6.77,0.89,3.07,100.39
2021,5,12,11.15,6.41,0.27,3.15,100.48
2021,5,13,10.57,6.65,1.84,2.76,100.39
2021,5,14,9.48,6.16,2.04,2.33,100.48
2021,5,15,9.35,6.59,2.88,3.6,99.76
2021,5,16,10.63,6.96,3.42,2.44,99.39
2021,5,17,10.4,6.77,3.78,3.3,99.99
2021,5,18,10.12,6.35,1.8,2.38,100.82
2021,5,19,11.01,6.59,2.69,2.62,101.27
2021,5,20,10.38,6.59,2.02,10.32,100.79
2021,5,21,10.59,6.71,9.77,3.96,98.97
2021,5,22,10.28,6.71,5.4,7.31,99.72
2021,5,23,9.28,5.92,3.11,7.8,100.35
2021,5,24,10.52,6.47,2.63,8.88,99.91
2021,5,25,9.94,6.29,3.5,4.3,100.67
2021,5,26,10.48,6.53,0.96,4.44,100.89
2021,5,27,11.7,6.65,0.02,2.16,101.64
2021,5,28,11.48,6.84,0.03,1.98,102.03
2021,5,29,11.73,6.84,0.01,2.52,102.41
2021,5,30,10.64,6.41,0.01,2.45,102.44
2021,5,31,13.08,7.26,0.01,2.01,101.87
2021,6,1,14.99,7.93,0.01,2.51,101.31
2021,6,2,15.32,8.67,0.14,3.94,101.08
2021,6,3,18.23,10.38,0.21,3.58,101.35
2021,6,4,15.27,9.34,3.09,2.43,101.83
2021,6,5,14.67,8.06,0.23,2.2,102
2021,6,6,15.79,8.48,0.09,1.32,102.05
2021,6,7,15.98,8.42,0.04,1.63,102
2021,6,8,17.51,9.16,0.01,1.45,101.87
2021,6,9,17.98,9.16,0.01,1.23,101.66
2021,6,10,19.13,11.41,0.29,1.85,101.54
2021,6,11,19.13,11.17,0.14,4.26,101.41
2021,6,12,16.74,8.67,0,4.56,101.87
2021,6,13,17.57,9.58,0.01,2.9,102.19
2021,6,14,18.04,10.13,0.56,3.77,101.65
2021,6,15,16.3,8.42,0.01,4.58,101.69
2021,6,16,18.99,10.93,2.41,3.76,100.82
2021,6,17,17.83,11.41,8.31,4.12,100.68
2021,6,18,14.82,9.83,37.51,4.66,100.82
2021,6,19,13.58,8.3,6.94,3.3,100.98
2021,6,20,13.13,8.48,7.62,2.15,100.54
2021,6,21,12.23,7.2,0.39,3.81,101
2021,6,22,12.65,6.59,0.07,4.86,101.68
2021,6,23,13.01,6.53,0,0.89,101.95
2021,6,24,15.44,7.93,0.29,2.77,101.67
2021,6,25,16.73,10.07,7.07,3.75,101.11
2021,6,26,15.99,9.58,1.17,3.01,101.48
2021,6,27,16.33,9.95,1.19,2.64,101.29
2021,6,28,15.08,9.7,4.27,3.01,101.12
2021,6,29,14.56,8.79,0.46,2.81,101.1
2021,6,30,13.11,8.3,3.12,2.62,101.22
2021,7,1,14.22,8.67,0.79,3.32,101.31
2021,7,2,16.43,9.22,0.14,4.27,101.24
2021,7,3,17.91,11.05,4.49,2.55,100.77
2021,7,4,16.54,10.31,1.89,2.15,100.38
2021,7,5,16.64,9.03,6.12,1.96,100.06
2021,7,6,16.39,9.46,3.83,3.8,99.51
2021,7,7,16.52,9.7,4.27,2.34,100.71
2021,7,8,17.19,9.64,1.19,3.34,101.48
2021,7,9,18.14,10.07,1.35,2.77,101.63
2021,7,10,16.54,9.83,1.35,1.39,101.24
2021,7,11,16.35,9.52,0.43,3.08,101.16
2021,7,12,16.83,10.13,2.02,2.57,100.77
2021,7,13,17.14,9.95,0.11,3.88,101.03
2021,7,14,16.85,10.07,0.51,4.41,101.28
2021,7,15,16.82,9.89,0.19,3.96,101.75
2021,7,16,16.07,8.54,0,3.6,102.25
2021,7,17,19.1,10.13,0.02,3.22,102.39
2021,7,18,20.74,11.54,0.01,1.27,102.07
2021,7,19,19.08,11.11,0.18,3.09,101.82
2021,7,20,18.94,10.86,0.94,1.76,101.73
2021,7,21,19.44,10.8,0.04,1.58,101.95
2021,7,22,18.4,10.44,0,1.8,101.95
2021,7,23,16.55,9.83,1.29,4.55,101.41
2021,7,24,17.08,10.5,6.12,4.32,100.61
2021,7,25,17.99,11.29,1.91,2.1,100.42
2021,7,26,18.18,10.93,1.72,4.05,100.58
2021,7,27,17.82,11.05,3.78,2.23,100.38
2021,7,28,16.75,9.77,3.28,4.09,100.1
2021,7,29,16.05,8.3,0.07,6.02,100.38
2021,7,30,16.22,9.83,5.68,6.77,99.84
2021,7,31,16.44,9.77,3.44,5.11,100.32
2021,8,1,14.96,8.91,3.36,2.07,100.69
2021,8,2,15.02,7.69,0.12,2.32,101.08
2021,8,3,15.69,8,0.14,2,100.99
2021,8,4,15.97,8.67,0.01,2.09,100.95
2021,8,5,16.91,9.89,5.29,5.52,100.14
2021,8,6,17.6,10.25,3.8,4.67,99.34
2021,8,7,15.7,9.77,7.39,3.79,99.34
2021,8,8,15.9,9.52,3.68,4.82,99.95
2021,8,9,15.95,9.22,1.98,2.55,100.69
2021,8,10,17.03,9.64,1.04,2.8,101.05
2021,8,11,18.51,10.25,0.06,3.69,101.31
2021,8,12,18.08,10.86,0.83,3.38,101.33
2021,8,13,17.53,9.83,0.15,4.24,101.52
2021,8,14,18.09,10.5,0.32,4.3,101.46
2021,8,15,18.4,10.44,0.3,3.87,100.76
2021,8,16,15.1,8.24,0.21,6.02,101.06
2021,8,17,14.83,9.34,3.03,4.54,101.3
2021,8,18,16.99,9.77,0.22,2.98,101.06
2021,8,19,16.31,9.7,1,2.62,100.9
2021,8,20,18.26,10.07,0.39,3.29,101.09
2021,8,21,17.27,10.5,3.43,2.5,101.17
2021,8,22,16.78,10.38,2.59,5.29,101.42
2021,8,23,16.03,9.09,0.07,3.1,102.39
2021,8,24,16,8.79,0.06,3.36,102.62
2021,8,25,15.84,9.4,0.43,3.26,102.12
2021,8,26,15.01,8.67,0.59,4.37,101.67
2021,8,27,15.58,8.36,0.21,3.01,101.88
2021,8,28,15.58,9.09,0.86,5.38,102.14
2021,8,29,14.8,8.67,0.22,5.05,102.07
2021,8,30,15.89,9.03,0.16,2.75,102.14
2021,8,31,15.75,8.97,0.43,2.75,102.5
2021,9,1,15.38,8.97,0.71,2.87,102.65
2021,9,2,15.32,8.73,0.32,3.1,102.42
2021,9,3,15.75,8.91,0.19,2.7,101.85
2021,9,4,15.51,9.09,0.22,2.34,101.58
2021,9,5,16.81,10.07,0,2.34,101.76
2021,9,6,18.64,10.68,0.03,1.96,101.92
2021,9,7,19.19,11.11,0.01,1.87,101.73
2021,9,8,19.24,11.05,0,2.09,101.01
2021,9,9,19.08,11.9,5.62,4.61,100.38
2021,9,10,18.6,11.47,2.17,2.23,100.58
2021,9,11,18.07,10.8,0.58,3.55,101.06
2021,9,12,15.3,8.61,0.02,2.14,101.47
2021,9,13,14.91,8.91,0.04,2.38,101.45
2021,9,14,16.59,11.05,10.01,4.23,100.8
2021,9,15,15.65,9.4,0.54,5.41,100.9
2021,9,16,16.3,9.46,0.1,2.11,101.25
2021,9,17,16.26,9.58,0.2,2.09,101.04
2021,9,18,17.64,10.5,0.33,2.77,101.04
2021,9,19,17.37,10.93,4.48,2.13,101.01
2021,9,20,15.99,9.34,1.87,3.19,101.82
2021,9,21,14.92,8.54,0.09,3.41,102.52
2021,9,22,14.39,8.3,0.04,2.66,102.19
2021,9,23,15.22,8.79,0.07,5.92,101.39
2021,9,24,16.26,9.77,0.09,3.75,101.01
2021,9,25,17.6,11.29,0.44,2.53,100.94
2021,9,26,17.3,10.62,0.31,4.6,100.72
2021,9,27,14.84,8.61,3.79,9.07,100.6
2021,9,28,12.9,8.06,10.96,5.27,101.14
2021,9,29,10.76,6.47,4.27,4.48,101.27
2021,9,30,11.34,7.26,1.55,6.04,101.43
2021,10,1,13.33,8.3,4.72,6.77,100.47
2021,10,2,11.71,8.12,13.21,10.78,99.43
2021,10,3,12.15,7.26,3.32,6.66,99.24
2021,10,4,12.41,7.75,2.37,2.94,100.37
2021,10,5,12.65,7.69,13.28,4.86,99.55
2021,10,6,10.75,6.9,3.76,11.45,101.15
2021,10,7,13.13,8.61,0.44,2.38,102.19
2021,10,8,14.8,9.46,0.48,1.56,102.56
2021,10,9,13.88,8.54,0.05,1.73,102.45
2021,10,10,11.84,8.12,0.66,5.52,102.45
2021,10,11,10.62,6.65,0.15,2.91,102.47
2021,10,12,9.92,6.71,0.82,3.88,102.03
2021,10,13,10.15,7.02,0.35,2.27,102.24
2021,10,14,11.94,7.45,0.02,4.49,101.74
2021,10,15,10.22,6.1,0.79,5.88,101.61
2021,10,16,9.73,6.53,0.07,4.12,101.61
2021,10,17,11.96,7.75,0.16,4.07,101.29
2021,10,18,12.56,8.73,2.85,3.59,101.18
2021,10,19,16.52,10.56,3.68,7.16,100.59
2021,10,20,14.73,9.22,33.06,8.7,99.28
2021,10,21,7.6,5.31,7.59,6.12,100.08
2021,10,22,7.59,5.8,1.25,7.14,101.4
2021,10,23,9.26,6.23,0.16,3.76,102
2021,10,24,11.33,6.84,0.23,3.21,101.37
2021,10,25,10.83,7.39,0.57,3.14,100.99
2021,10,26,11.37,7.51,0.11,3.89,101.23
2021,10,27,13.58,8.54,0.18,3.74,101.21
2021,10,28,12.66,8.06,0.09,2.41,100.43
2021,10,29,11.92,7.81,0.56,8.53,99.47
2021,10,30,10.68,7.51,2.92,5.23,99.29
2021,10,31,10.59,7.14,8.42,9.45,98.87
2021,11,1,8.81,5.98,0.14,8.02,98.84
2021,11,2,5.96,5.43,0.55,2.07,99.42
2021,11,3,6.37,5.86,3.91,4.33,99.88
2021,11,4,7.63,5.8,2.04,4.08,100.82
2021,11,5,5.94,5.19,0.24,1.95,102.01
2021,11,6,9.01,6.59,1.09,5.59,101.72
2021,11,7,8.1,5.68,0.03,5.89,101.4
2021,11,8,6.58,5.49,0.08,3.02,101.78
2021,11,9,10.15,7.2,0.42,2.86,101.78
2021,11,10,9.79,7.2,0.72,3.52,101.82
2021,11,11,10.7,7.63,0.63,3.87,101.79
2021,11,12,10.54,7.45,1.49,3.22,100.61
2021,11,13,10.14,7.32,1.58,2.47,100.89
2021,11,14,10.33,7.45,1.06,3.24,101.92
2021,11,15,8.84,6.41,0.13,1.6,102.24
2021,11,16,8.09,6.16,0.21,4.68,101.74
2021,11,17,7.15,5.8,0.2,2.84,101.78
2021,11,18,7.91,6.35,0.14,2.45,102.21
2021,11,19,9.19,6.84,0.19,3.06,102.49
2021,11,20,8.58,6.29,0.37,2.75,101.77
2021,11,21,6.16,5.13,0.62,3.45,101.4
2021,11,22,5.93,4.88,0.09,3.86,102.53
2021,11,23,4.97,5.19,0.24,1.83,102.69
2021,11,24,3.67,4.82,0.42,1.78,101.66
2021,11,25,4.1,4.76,0.58,4.09,101
2021,11,26,3.23,4.64,4.83,4.45,98.76
2021,11,27,3.94,4.76,5.79,8.16,98.68
2021,11,28,2.69,4.27,4.17,3.87,99.93
2021,11,29,1.27,4.03,0.71,4.51,100.7
2021,11,30,7.86,6.41,2.16,4.49,100.14
2021,12,1,6.5,5.68,3.79,5.44,99.04
2021,12,2,2.06,4.09,1.81,4.41,100.38
2021,12,3,2.79,4.58,2.1,6.55,99.85
2021,12,4,3.98,4.76,3.15,7.19,99.01
2021,12,5,4.91,5.07,3.16,5.27,99.88
2021,12,6,3.14,4.64,9.97,6.18,100.31
2021,12,7,3.14,4.64,5.62,10.4,99.23
2021,12,8,4.4,4.7,0.16,2.91,98.48
2021,12,9,4.19,4.94,7.44,4.55,99.29
2021,12,10,3.64,4.76,12.81,7.6,99.17
2021,12,11,3.54,4.76,4.09,4.35,100.95
2021,12,12,9.74,7.2,1.7,2.38,101.36
2021,12,13,9.44,6.96,0.24,2.84,101.8
2021,12,14,9.12,6.9,0.52,1.8,102.07
2021,12,15,8.48,6.59,0.22,2.97,102.51
2021,12,16,6.33,5.86,0.19,2.56,103.32
2021,12,17,7.27,6.04,0.65,2.04,103.68
2021,12,18,7.09,5.92,0.57,2.62,103.57
2021,12,19,4.9,5.13,0.86,3.48,102.99
2021,12,20,4.65,4.58,0.46,1.64,102.47
2021,12,21,3.08,4.03,0.21,2.09,102.15
2021,12,22,0.79,3.78,0,2.23,101.56
2021,12,23,5.16,5.43,1.72,2.67,100.25
2021,12,24,6.56,5.92,2.73,5.77,100
2021,12,25,3.14,3.85,3.04,2.69,100.24
2021,12,26,4.1,5,10.8,4.45,99.79
2021,12,27,7.15,6.35,2.81,4.63,98.92
2021,12,28,7.88,6.53,1.92,4.72,98.57
2021,12,29,8.15,6.65,2.61,7.46,99.83
2021,12,30,12.05,8.3,0.22,3.48,100.59
2021,12,31,11.52,7.93,0.22,4.87,101.03
2022,1,1,10.4,7.45,0.28,3.8,101.19
2022,1,2,10.24,7.2,4.25,2.48,100.37
2022,1,3,7.86,6.16,0.09,3.91,100.07
2022,1,4,3.41,4.64,2.72,3.48,99.5
2022,1,5,1.56,3.97,0.37,4.48,100.6
2022,1,6,1.42,3.97,1.6,6.17,101.05
2022,1,7,2.4,4.27,0.64,3.12,100.33
2022,1,8,3.9,5,10.94,4.25,99.42
2022,1,9,2.37,4.46,0.26,5.12,99.63
2022,1,10,3.8,4.76,0.15,4.09,101.45
2022,1,11,5.88,5.62,3.6,4.23,102.55
2022,1,12,3.46,4.64,0.12,1.8,103.56
2022,1,13,3.82,4.76,0.13,2.2,103.56
2022,1,14,4.17,4.76,0.35,3.97,103.11
2022,1,15,4.38,4.94,0.29,3.31,102.1
2022,1,16,4.09,4.88,0.1,3.31,102.12
2022,1,17,2.94,4.58,0.02,3.44,103.18
2022,1,18,2.3,4.33,0.12,2.23,103.21
2022,1,19,4.01,4.76,0.42,3.92,102.12
2022,1,20,2.99,4.09,0.37,2.95,102.93
2022,1,21,1.91,4.03,0.06,1.91,103.24
2022,1,22,3.19,4.46,0.22,2.52,103.16
2022,1,23,2.89,4.46,0.31,1.05,103.05
2022,1,24,2.36,3.97,0.11,2.4,102.98
2022,1,25,0.6,3.72,0.32,3.95,102.96
2022,1,26,1.9,4.15,0.13,4.89,102.6
2022,1,27,5.51,5.19,0.06,4.42,102.16
2022,1,28,4.72,4.94,0.11,3.79,102.74
2022,1,29,8.5,5.98,0.09,7.86,102.01
2022,1,30,3.54,4.21,0.44,9.24,102.31
2022,1,31,4.16,3.97,0.05,9.09,101.45
2022,2,1,7.63,5.62,2.3,6.2,101.28
2022,2,2,8.68,6.41,0.9,4.56,101.51
2022,2,3,6.97,5.8,0.44,3.73,100.77
2022,2,4,5.04,4.82,5.22,3.05,100.37
2022,2,5,4.83,4.82,2.02,6.91,100.97
2022,2,6,7.44,5.49,5.04,3.59,99.86
2022,2,7,4.71,4.52,0.09,3.98,101.76
2022,2,8,9.15,6.53,0.14,1.75,101.91
2022,2,9,7.91,6.1,0.76,6.95,101.73
2022,2,10,4.1,4.27,0.68,5.55,101.64
2022,2,11,2.52,3.72,0.02,5.77,102.6
2022,2,12,4.31,4.21,0.03,6.82,101.61
2022,2,13,6.71,5.55,5.86,4.46,99.69
2022,2,14,6.71,5.55,3.8,4.62,99.22
2022,2,15,4.83,5.25,6.04,5.22,99.97
2022,2,16,11.4,7.51,1.74,8.98,98.72
2022,2,17,7.21,4.76,0.1,10,99.95
2022,2,18,7.21,5.25,8.26,14.51,98.86
2022,2,19,3.67,4.33,9.36,10.46,100.21
2022,2,20,7.98,6.1,10.56,12.8,99.43
2022,2,21,6.33,4.88,1.43,14.34,99.96
2022,2,22,6.58,5.43,0.92,7.05,101.11
2022,2,23,5.94,4.88,0.1,5.19,101.42
2022,2,24,4.97,4.64,8.19,4.33,100.37
2022,2,25,4.2,4.21,0.09,8.46,101.87
2022,2,26,4.17,4.27,0.01,4.6,102.58
2022,2,27,4.57,4.09,0,4.57,102.21
2022,2,28,7.07,5.25,3.95,5.12,102.01
2022,3,1,6.88,5.68,3.76,6.35,102.24
2022,3,2,6.52,5.37,1.26,3.27,101.77
2022,3,3,6.9,5.25,0.26,3.32,101.2
2022,3,4,7.65,5.86,2.4,3.52,101.4
2022,3,5,4.98,4.76,5.3,2.82,101.85
2022,3,6,4.53,4.09,0.3,3.74,102.47
2022,3,7,4.27,4.03,0.07,3.42,102.11
2022,3,8,4.33,3.85,0,3.67,101.26
2022,3,9,7.7,5.68,0.02,4.61,101.32
2022,3,10,9.12,5.92,0,4.31,101.31
2022,3,11,8.76,6.1,1.34,6.55,100.28
2022,3,12,9.06,5.98,0.3,4.65,100.48
2022,3,13,8.45,6.1,5.78,7.34,100.43
2022,3,14,8.34,5.55,0.07,2.2,101.84
2022,3,15,8.96,5.92,0.06,5.01,101.84
2022,3,16,8.38,6.35,8.27,4.25,101.39
2022,3,17,7.27,4.94,0.13,4.7,102.53
2022,3,18,8.09,5.55,0.18,2.62,103.85
2022,3,19,8.08,5.13,0,4.23,103.57
2022,3,20,5.83,4.33,3.55,6.25,102.47
2022,3,21,5.74,4.52,0.01,1.38,102.51
2022,3,22,9.15,6.16,0,1.2,102.59
2022,3,23,9.94,5.92,0,1.7,102.64
2022,3,24,9.28,5.43,0,2.1,102.62
2022,3,25,8.39,5.07,0,2.63,102.81
2022,3,26,8.15,5.37,0.01,2.82,102.99
2022,3,27,7.76,5.74,0.12,1.67,102.81
2022,3,28,8.24,5.92,0.21,2.74,101.86
2022,3,29,7,5.74,0.33,2.49,100.88
2022,3,30,4.79,5,6.08,5.55,100.24
2022,3,31,2.66,3.3,1.68,8.43,100.46
2022,4,1,3.33,3.3,0.35,7.48,101.22
2022,4,2,2.58,3.17,0.05,3.21,101.86
2022,4,3,4.5,3.91,0.09,3.33,101.89
2022,4,4,8.19,6.29,4.9,3.6,100.39
2022,4,5,10.79,6.59,0.56,3.38,100.1
2022,4,6,9.51,6.47,2.12,3.18,98.94
2022,4,7,7.6,5.13,1.6,9.47,98.16
2022,4,8,4.62,4.15,0.08,3.38,99.58
2022,4,9,4.8,3.91,0.06,4.96,100.94
2022,4,10,6.66,4.58,0,4.15,101.47
2022,4,11,9.03,5.31,0,6.39,100.85
2022,4,12,11.06,7.2,2.8,2.3,100.28
2022,4,13,11.8,7.32,1.01,4.41,101.08
2022,4,14,12.03,6.9,0.07,3.55,101.77
2022,4,15,11.03,6.71,0.09,2.42,102.38
2022,4,16,10.01,6.29,0.01,2.66,102.66
2022,4,17,9.98,5.68,0,3.75,101.89
2022,4,18,10.19,6.41,0.04,3.12,101.27
2022,4,19,9.99,6.04,0.03,5.16,101.26
2022,4,20,10.1,5.62,0,2.77,101.3
2022,4,21,10.22,5.68,0,4.39,101
2022,4,22,10.23,6.29,0.06,4.77,100.53
2022,4,23,10.87,6.65,0.07,4.44,100.15
2022,4,24,9.83,5.92,0,4.05,100.54
2022,4,25,9.11,5.92,0.3,4.31,101.17
2022,4,26,7.79,4.94,0.09,3.63,101.85
2022,4,27,7.83,4.94,0.16,3.1,102.39
2022,4,28,8.66,5.19,0.07,2.65,102.77
2022,4,29,7.41,4.82,0.14,3.73,102.79
2022,4,30,9.18,5.37,0.03,1.58,102.46
2022,5,1,10.91,6.41,1.11,2.6,101.84
2022,5,2,11.48,6.84,0.42,1.92,101.69
2022,5,3,9.6,6.1,0.25,2.35,101.72
2022,5,4,10.26,6.9,2.25,3.12,101.44
2022,5,5,12.94,7.39,0.22,3.22,101.87
2022,5,6,14.85,8.12,1.06,3.38,101.93
2022,5,7,12.27,7.63,1.69,4.76,102.18
2022,5,8,9.69,5.62,0,1.79,102.53
2022,5,9,12.78,7.2,0,5.15,101.85
2022,5,10,14.75,8,0.46,4.88,100.87
2022,5,11,12.85,7.81,7.75,4.59,100.43
2022,5,12,12.42,6.47,0.04,2.77,101.21
2022,5,13,13.82,7.32,0,4.33,101.35
2022,5,14,14.02,7.51,0.04,2.54,101.67
2022,5,15,12.62,8.06,2.19,3.95,101.31
2022,5,16,16.55,9.7,0.4,4.3,100.93
2022,5,17,16.29,8.91,0.11,3.8,101.35
2022,5,18,15.65,8.36,6.22,3.97,101.48
2022,5,19,15.8,8.79,6.43,4.1,101.34
2022,5,20,13.09,7.87,5.82,4.06,101.3
2022,5,21,14.18,7.63,0.06,4.47,101.51
2022,5,22,14.96,7.81,0,2.85,100.86
2022,5,23,13.73,8.54,9.19,3.21,99.7
2022,5,24,12.22,7.14,2.35,3.89,100.03
2022,5,25,13.29,7.57,0.63,6.93,100.72
2022,5,26,15.23,8.61,1.15,6.16,101.43
2022,5,27,13.65,6.65,0.03,4.09,101.86
2022,5,28,11.19,6.04,0.2,3.08,102
2022,5,29,9.67,5.86,1.55,5,101.45
2022,5,30,10.44,5.62,0.43,2.69,100.92
2022,5,31,11.14,6.96,2.75,2.7,100.79
2022,6,1,11.08,6.65,1.15,2.62,101.26
2022,6,2,12.94,6.41,0.02,3.3,101.72
2022,6,3,13.92,7.69,0.01,4.55,101.58
2022,6,4,13.06,7.2,0.01,2.8,101.81
2022,6,5,13.44,8.61,11.12,7.63,101.11
2022,6,6,12.65,7.87,13.43,4.11,100.89
2022,6,7,15.19,8.3,0.17,3.13,100.69
2022,6,8,15.71,9.46,5.77,3.27,100.05
2022,6,9,15.65,8.3,0.13,2.45,100.95
2022,6,10,17.57,9.22,0.08,2.35,101.27
2022,6,11,16.19,8.18,0.01,3.05,101.59
2022,6,12,15.25,7.81,0.11,3.5,101.76
2022,6,13,15.18,7.39,0.01,4.77,101.92
2022,6,14,16.52,8.06,0,2.9,101.71
2022,6,15,16.47,8.67,0,1.88,101.54
2022,6,16,17.93,9.34,0,2.91,101.77
2022,6,17,21.15,11.54,0,4.4,101.46
2022,6,18,14.68,8.61,7.59,2.78,101.39
2022,6,19,13.98,7.32,0.79,3.28,101.11
2022,6,20,13.89,7.32,0.06,5.73,101.46
2022,6,21,15.86,8.06,0,2.54,101.1
2022,6,22,16.92,8.85,0,2.97,101.02
2022,6,23,18.18,10.5,0.06,2.23,100.56
2022,6,24,18.37,10.19,0.09,5.01,100.01
2022,6,25,16.24,8.48,0.51,4.33,100.4
2022,6,26,16.24,7.87,0.36,4.75,100.79
2022,6,27,15.34,8,1.51,5.07,101.13
2022,6,28,15.7,7.81,0.01,5.35,101.31
2022,6,29,17.17,9.28,1.68,3.91,100.79
2022,6,30,14.74,8.85,5.11,2.32,100.78
2022,7,1,15.32,8.12,0.71,2.23,101.11
2022,7,2,16.23,8.3,0.26,5.16,101.33
2022,7,3,15.62,8.48,0.58,1.5,101.43
2022,7,4,15.95,8,0.06,3.85,101.59
2022,7,5,15.32,7.75,0.01,3.93,101.96
2022,7,6,16.82,9.34,0.23,5.95,102.03
2022,7,7,16.26,8.3,0.08,7.51,102.35
2022,7,8,19.63,10.31,0,3.49,102.62
2022,7,9,17.17,8.67,0.01,5.03,102.54
2022,7,10,18.81,9.7,0,3.5,102.24
2022,7,11,19.58,10.62,0,2.52,101.95
2022,7,12,21.11,11.66,0.08,1.8,101.77
2022,7,13,18.51,9.58,0.06,3.32,101.74
2022,7,14,16.61,8.61,0.16,4.98,101.87
2022,7,15,17.37,8.67,0.01,3.62,101.86
2022,7,16,17.76,9.16,0.02,2.61,102.14
2022,7,17,19.28,9.89,0,2.48,102.12
2022,7,18,22.01,11.72,0,1.25,101.56
2022,7,19,23.44,12.94,0,3.96,100.91
2022,7,20,21.9,11.9,0.38,5.73,101.03
2022,7,21,17.76,9.7,0.17,4.34,101.75
2022,7,22,16.3,8.73,0.05,1.58,101.69
2022,7,23,19.34,10.13,0.03,3.38,101.37
2022,7,24,20.94,10.62,0.44,3.42,100.85
2022,7,25,19.36,10.38,1.48,3.83,100.48
2022,7,26,15.75,8.24,0.26,2.54,101.51
2022,7,27,16.25,7.87,0.02,3.01,101.69
2022,7,28,16.21,8.24,0.01,3.34,101.49
2022,7,29,17.48,8.91,0.15,1.77,101.52
2022,7,30,19.62,10.44,0.23,3.67,101.32
2022,7,31,19.98,12.02,5.29,6.34,101.08
2022,8,1,18.74,10.8,0.81,3.78,101.39
2022,8,2,22.17,12.39,0.41,3.31,100.91
2022,8,3,22.01,12.63,0.52,5.23,100.78
2022,8,4,18.83,9.7,0.19,2.73,101.06
2022,8,5,16.62,7.57,0.28,5.45,101.76
2022,8,6,16.14,7.32,0.01,1.62,102.4
2022,8,7,17.94,8.73,0,1.66,102.16
2022,8,8,18.86,10.44,0.03,3.56,102.33
2022,8,9,19.01,10.07,0.06,2,102.52
2022,8,10,19.35,10.74,0.02,1.41,102.25
2022,8,11,20.65,11.6,0.13,2.2,101.87
2022,8,12,21.3,11.84,0.15,2.35,101.54
2022,8,13,21.78,11.47,0.08,2.18,101.14
2022,8,14,22.37,11.11,0,1.85,100.35
2022,8,15,21.96,12.08,2.36,2.23,99.83
2022,8,16,20.44,11.66,7.43,2.88,100.36
2022,8,17,18.45,11.66,5.26,3.82,100.9
2022,8,18,19.92,11.23,1.97,3.95,100.94
2022,8,19,19.4,9.64,0.07,2.62,100.91
2022,8,20,17.88,8.85,0.02,3.38,101.16
2022,8,21,17.95,9.09,0.04,3.79,101.12
2022,8,22,19.44,10.62,0.1,2.44,100.98
2022,8,23,20.3,12.21,0.41,2.36,100.94
2022,8,24,21.43,12.76,0.55,3.52,101.24
2022,8,25,18.76,12.27,7.06,4.07,101.28
2022,8,26,16.95,8.73,0.31,1.06,101.48
2022,8,27,17.14,8.85,0.03,2.55,101.59
2022,8,28,17.25,8.97,0.01,1.8,101.86
2022,8,29,16.63,8.73,0.36,3.92,101.96
2022,8,30,18.12,9.4,0.29,2.73,101.96
2022,8,31,17.72,8.85,0.08,2.8,102.06
2022,9,1,18.56,9.28,0,3.3,101.66
2022,9,2,18.88,10.31,0,2.35,100.93
2022,9,3,19.84,11.6,1.66,2.34,100.56
2022,9,4,19.03,10.5,0.03,2.5,101.16
2022,9,5,20.15,12.02,2.86,3.73,101.2
2022,9,6,19.04,11.41,4.83,5.16,100.83
2022,9,7,18.38,10.31,1.28,3.91,100.5
2022,9,8,17.07,9.95,5.56,3.7,100.04
2022,9,9,15.83,10.13,11.28,5.41,100.06
2022,9,10,16.73,10.19,1.76,3.62,101.03
2022,9,11,17.65,10.31,0.1,3.28,101.4
2022,9,12,19.38,11.6,3.19,3.9,100.78
2022,9,13,15.93,8.67,0.04,1.68,100.69
2022,9,14,16.25,8.91,0.1,2.9,100.31
2022,9,15,13.36,7.02,0.23,3.5,100.79
2022,9,16,11.53,6.23,1.57,6,101.25
2022,9,17,11.07,6.1,0.93,5.73,101.58
2022,9,18,11.4,6.59,0.22,4.87,101.53
2022,9,19,11.23,6.1,0.01,3.42,101.97
2022,9,20,12.24,7.14,0.03,1.98,102.16
2022,9,21,14.58,8.06,0.06,2.27,102.13
2022,9,22,14.62,7.75,0.02,2.87,101.53
2022,9,23,13.77,8.36,0.97,3.86,101.06
2022,9,24,13.1,7.32,0.7,3.27,101.26
2022,9,25,12.12,6.35,0.33,2.61,101.2
2022,9,26,11.1,6.53,5.34,4.6,99.62
2022,9,27,9.23,5.74,1.02,4.09,99.46
2022,9,28,9.51,6.29,1.84,3.23,99.42
2022,9,29,10.55,6.65,1.42,3.59,99.95
2022,9,30,12.3,7.63,15.04,12.76,99.94
2022,10,1,13.55,7.63,0.55,3.99,100.09
2022,10,2,12.67,7.26,0.16,4.45,101.55
2022,10,3,11.3,7.26,0.05,3.36,102.08
2022,10,4,15.19,8.85,0.55,4.82,101.11
2022,10,5,15.26,8.85,1.22,6.77,100.62
2022,10,6,12.4,6.65,0.12,2.92,102.08
2022,10,7,13.52,7.51,0.39,5.12,101.33
2022,10,8,10.53,6.1,0.08,4.59,101.75
2022,10,9,11.38,6.47,0.02,4.31,101.34
2022,10,10,10.64,6.29,3.38,4.39,101.34
2022,10,11,9.67,5.8,0.02,2,102.19
2022,10,12,10.76,6.65,0.24,3.87,101.58
2022,10,13,12.08,7.51,0.88,2.2,101.11
2022,10,14,11.58,7.87,0.53,3.53,100.49
2022,10,15,11.54,7.08,0.64,6.09,99.87
2022,10,16,12.63,7.51,6.45,5.27,100.59
2022,10,17,14.33,8.73,0.87,5.22,101.27
2022,10,18,9.8,6.47,0.01,1.55,102.41
2022,10,19,11.96,7.32,0.06,4.63,101.83
2022,10,20,13.6,9.4,3.62,2.84,100.32
2022,10,21,14.01,9.34,2.83,6.02,99.87
2022,10,22,14.29,8.85,1.21,4.12,100.46
2022,10,23,14.99,10.07,12.19,5.89,99.85
2022,10,24,13.67,8.48,3.82,4.59,99.71
2022,10,25,12.54,8.18,1.33,2.74,100.69
2022,10,26,15.05,9.4,0.96,6.95,100.7
2022,10,27,15.61,10.38,0.76,6.7,101.04
2022,10,28,14.35,9.03,0.15,6.05,101.07
2022,10,29,14.22,9.89,1.61,3.65,101.02
2022,10,30,13.01,8.91,1.77,2.7,101.05
2022,10,31,13.7,8.91,1,5.01,100.76
2022,11,1,12.91,7.81,1.86,4.8,100.01
2022,11,2,11.26,6.71,0.62,6.66,100.72
2022,11,3,9.83,7.32,26.35,9.01,99.62
2022,11,4,6.98,5.8,0.27,4.02,100.49
2022,11,5,8.18,6.53,3.4,5.59,100.8
2022,11,6,11.43,8.18,14.78,5.17,99.79
2022,11,7,11.64,8.24,1.57,2.57,99.87
2022,11,8,12.48,8,1.95,3.91,99.33
2022,11,9,10.12,7.02,1.32,2.6,100.09
2022,11,10,11.59,7.45,0.15,3.47,101.4
2022,11,11,12.87,8.12,0.1,6.09,102.04
2022,11,12,10.11,7.75,0.23,2.02,102.3
2022,11,13,10.37,8.06,0.1,1.32,101.59
2022,11,14,9.43,7.69,0.32,1.7,100.42
2022,11,15,9.58,7.2,4.73,7.78,99.29
2022,11,16,9.38,7.02,10.77,9.33,98.61
2022,11,17,9.67,7.2,7.42,10.05,97.47
2022,11,18,8.69,6.53,7.55,4.32,99.44
2022,11,19,6.05,4.94,2.05,3.64,100.72
2022,11,20,5.34,5.49,4.67,3.97,100.25
2022,11,21,6.07,5.62,9.15,8.07,99
2022,11,22,5.69,5.68,2.5,6.05,98.25
2022,11,23,6.92,6.04,4.32,7.48,98.73
2022,11,24,8.26,6.53,6.8,4.33,99.79
2022,11,25,7.4,5.98,0.12,3.32,100.94
2022,11,26,8.35,6.35,0.93,5.09,101.79
2022,11,27,9.26,7.08,11.61,7.9,100.76
2022,11,28,6.69,5.98,0.36,2.92,100.55
2022,11,29,5.97,5.49,0.38,2.45,101.58
2022,11,30,5.82,5.49,0.25,1.96,102.17
2022,12,1,4.81,5.19,0.52,1.5,102.43
2022,12,2,5.09,4.88,0.56,3.59,102.18
2022,12,3,4.97,4.46,0.35,3.22,101.77
2022,12,4,4.22,4.39,0.72,1.6,101.47
2022,12,5,6.33,5.25,1.27,2.05,101.81
2022,12,6,4.48,4.82,0.72,1.67,101.85
2022,12,7,2.52,4.39,0.56,1.82,101.47
2022,12,8,-0.02,3.66,0.49,2.92,100.59
2022,12,9,-0.13,3.66,0.21,1.93,100.32
2022,12,10,-1.16,3.42,0.31,2.22,100.5
2022,12,11,-0.93,3.36,0.45,2.37,100.38
2022,12,12,0.55,3.85,0.72,2.86,100.49
2022,12,13,-0.22,3.23,0,1.41,100.4
2022,12,14,0.06,3.54,0.15,1.66,100.12
2022,12,15,-0.78,3.36,0.23,1.35,100.59
2022,12,16,-0.67,3.48,0.02,2.67,101.3
2022,12,17,0.05,3.6,0.07,2.28,101.76
2022,12,18,1.35,3.91,7.19,5.71,101.31
2022,12,19,9.61,7.2,4.56,3.96,100.21
2022,12,20,8.8,6.77,1.44,7.33,100.21
2022,12,21,6.13,5.74,0.41,3.9,100.14
2022,12,22,5.29,5.49,1.09,2.7,99.82
2022,12,23,6.32,5.92,15.22,7.29,99.73
2022,12,24,6.97,6.04,0.8,3.43,100.42
2022,12,25,9.06,6.9,1.34,1.48,100.33
2022,12,26,4.83,4.94,0.26,2.63,100.84
2022,12,27,5.16,5.25,3.72,6.32,101.29
2022,12,28,9.59,7.08,4.82,6.33,99.55
2022,12,29,7.08,5.55,0.25,5.48,99.37
2022,12,30,8.01,6.41,2.09,8.79,99.21
2022,12,31,11.33,7.93,12.07,6.62,99.37
2023,1,1,9.23,6.84,1.79,6.92,100.27
2023,1,2,4.3,5.07,0.25,3.08,101.16
2023,1,3,6.44,5.98,6.83,9.8,101.35
2023,1,4,11.28,7.45,0.93,2.5,100.63
2023,1,5,9.48,6.9,0.32,4.97,101.18
2023,1,6,7.76,6.23,2.01,5.23,100.77
2023,1,7,8.74,6.59,4.93,4.99,99.6
2023,1,8,6.55,5.8,1.76,4.88,98.77
2023,1,9,4.37,4.94,0.74,4.4,99.39
2023,1,10,6.51,5.92,8.8,7.77,100.17
2023,1,11,7.24,5.8,0.96,3.97,100.09
2023,1,12,9.69,6.77,3.85,3.44,99.52
2023,1,13,6.72,5.13,0.17,7.55,100.04
2023,1,14,7.44,5.86,8.91,6.84,99.32
2023,1,15,4.1,4.52,0.78,8.7,99.02
2023,1,16,1.69,4.21,25.28,8.53,98.04
2023,1,17,-2.33,3.11,0.87,2.69,98.41
2023,1,18,-0.7,3.54,7.13,3.14,99.12
2023,1,19,-1.23,3.36,1.58,3.82,100.21
2023,1,20,1.19,3.97,5.49,3.68,101.31
2023,1,21,1.06,3.66,0.04,1.69,102.85
2023,1,22,1.18,3.54,0.03,1.44,103.11
2023,1,23,1.63,3.6,0.08,1.25,103.35
2023,1,24,1.94,3.85,0.06,1.96,103.46
2023,1,25,0.81,3.91,2.63,4.62,102.73
2023,1,26,4.58,4.94,1.07,3.16,102.52
2023,1,27,3.48,4.33,0.24,2.74,102.61
2023,1,28,2.06,4.21,0.32,1.7,102.65
2023,1,29,3.88,4.82,0.46,5.83,101.96
2023,1,30,4.67,4.7,0.08,6.02,101.74
2023,1,31,4.66,4.52,0.18,5.16,101.7
2023,2,1,5.54,4.94,0.07,3.41,101.6
2023,2,2,7.26,5.74,0.06,1.62,101.93
2023,2,3,8.66,6.35,0.04,4.14,102.39
2023,2,4,6.82,5.68,0.4,2.5,103.19
2023,2,5,4.68,4.76,0.52,5.52,103.89
2023,2,6,3.25,4.09,0.09,2.52,103.73
2023,2,7,0.87,3.97,0.11,1.48,103.44
2023,2,8,1.65,3.72,0.14,3.76,102.97
2023,2,9,2.45,3.85,0.18,3.28,102.76
2023,2,10,3.12,4.33,0.02,3.81,103.03
2023,2,11,7.37,5.74,0.18,3.45,103.11
2023,2,12,6.43,5.43,0.05,1.45,103.32
2023,2,13,4.65,5.13,0.03,2.33,103.01
2023,2,14,5.06,5.13,0.2,2.08,102.64
2023,2,15,7.2,5.68,0.15,3.51,101.85
2023,2,16,8.23,6.41,0.89,3.7,101.44
2023,2,17,10.55,6.96,0.31,9.14,101.36
2023,2,18,10.62,6.84,0.25,4.88,101.33
2023,2,19,8.07,5.68,0.19,5.7,101.91
2023,2,20,9.15,6.35,0.15,4.45,101.64
2023,2,21,7.62,6.04,0.35,3.44,101.26
2023,2,22,6.45,5.62,0.8,2.16,100.7
2023,2,23,4.8,4.58,0.66,6.54,101.37
2023,2,24,4.27,4.46,0.93,5.65,100.76
2023,2,25,4.16,4.03,0.61,4.8,101.23
2023,2,26,2.77,3.3,0.01,3.24,102.32
2023,2,27,3.53,4.09,0.41,3.01,102.76
2023,2,28,4.8,4.76,0.48,4.62,102.84
2023,3,1,4.81,4.64,0.83,3.27,102.49
2023,3,2,4.25,4.21,0.09,2.8,102.23
2023,3,3,4.57,4.21,0.2,2.2,102.43
2023,3,4,4.68,4.46,1.03,3.25,102.38
2023,3,5,2.07,3.97,0.8,1.87,101.31
2023,3,6,2.59,4.46,2.76,4.22,99.94
2023,3,7,2.15,3.54,1.28,5.79,99.48
2023,3,8,1.28,3.54,6.32,6.34,98.93
2023,3,9,1.91,4.15,18.62,7.21,98.85
2023,3,10,2.05,3.85,7.96,9.55,99.2
2023,3,11,2.13,3.54,1.6,4.93,100.51
2023,3,12,8.2,6.04,4.23,4.11,99.9
2023,3,13,11.98,7.2,0.7,7.25,98.34
2023,3,14,5.55,4.33,3.4,4.27,99.67
2023,3,15,4.11,4.09,1.7,5.7,101.08
2023,3,16,9.2,6.47,3.68,2.42,100.16
2023,3,17,9.93,7.14,2.32,3.99,100
2023,3,18,10.14,6.65,0.97,3.57,100.23
2023,3,19,8.74,5.8,0.36,3.87,100.99
2023,3,20,9.19,6.77,3.87,2.72,101.06
2023,3,21,10.69,6.9,3.53,3.91,100.31
2023,3,22,10.69,7.02,4.28,4.23,99.4
2023,3,23,11.01,6.65,2.03,3.97,99.16
2023,3,24,9.91,6.1,0.82,4.08,99.18
2023,3,25,9.15,5.8,1.95,10.59,99.67
2023,3,26,6.08,5,2.3,6.16,100.37
2023,3,27,3.76,3.48,0.1,4.71,101.99
2023,3,28,5.21,4.88,5.53,4.77,101.43
2023,3,29,10.53,7.2,1.26,5.2,100.33
2023,3,30,12.05,7.2,0.92,5.27,99.71
2023,3,31,10.3,7.2,5.23,5.36,98.37
2023,4,1,7.21,5.92,5.83,2.63,100.04
2023,4,2,5.82,4.27,0.01,4.06,102.18
2023,4,3,4.87,3.72,0,3.19,102.71
2023,4,4,5.67,3.85,0,1.38,102.37
2023,4,5,6.41,4.76,0.7,1.6,101.58
2023,4,6,8.98,6.35,6.22,4.2,100.84
2023,4,7,7.56,5.37,0.21,5.99,101.6
2023,4,8,7.81,5.55,0.19,1.88,102.19
2023,4,9,9.15,5.86,0.05,4.48,101.78
2023,4,10,10.44,6.59,10.08,3.93,100.43
2023,4,11,8.52,5.37,4.59,6.65,100.26
2023,4,12,7.06,5.13,3.29,6.83,98.78
2023,4,13,8.28,4.76,0.64,7.66,99.45
2023,4,14,7.4,5.31,6.46,5.12,100.18
2023,4,15,8.96,5.68,1.63,4.21,101.39
2023,4,16,9.27,5.62,0.01,3.72,102.2
2023,4,17,9.14,5.8,0.19,3.57,102.48
2023,4,18,8.83,5.49,0.08,7.08,102.47
2023,4,19,9.22,5.37,0.01,5.54,102.32
2023,4,20,8.01,5,1.27,6.17,101.79
2023,4,21,9.22,5.98,7.03,5.78,100.81
2023,4,22,9.26,5.92,0.39,4.59,100.11
2023,4,23,10.27,6.96,13.38,5.59,99.62
2023,4,24,7.27,5,0.95,3.17,100.47
2023,4,25,5.74,4.03,0.18,3.98,101.35
2023,4,26,6.69,4.15,0.07,2.96,101.5
2023,4,27,8.42,4.94,2.5,5.41,101.26
2023,4,28,10.15,7.02,1.42,5.26,100.71
2023,4,29,10.33,6.1,0.05,2.52,101.68
2023,4,30,11.25,6.59,0.01,2.38,101.68
2023,5,1,11.95,7.32,1.74,1.98,101.32
2023,5,2,9.75,5.55,0.34,2.06,102.3
2023,5,3,8.28,4.88,0,3.73,102.32
2023,5,4,11.23,6.65,0.02,5.96,101.29
2023,5,5,12.88,8.06,2.33,3.2,100.98
2023,5,6,12.73,8.06,5.48,3.47,101.04
2023,5,7,15.65,8.91,0.62,3.3,101.25
2023,5,8,13.42,8.18,4.89,4.48,101.38
2023,5,9,14.14,8.73,11.14,4.59,100.54
2023,5,10,13.24,7.75,2.45,2.28,100.72
2023,5,11,12.48,7.69,3.59,2.44,101.21
2023,5,12,10.3,6.96,6.79,6.08,101.86
2023,5,13,11.23,6.77,0.48,3.98,102.13
2023,5,14,12.44,7.2,0.28,2.26,101.54
2023,5,15,10.36,6.29,0.73,6.59,101.49
2023,5,16,10.48,5.92,0.03,4.5,101.98
2023,5,17,10.94,6.53,0.61,2.86,102.41
2023,5,18,11.4,6.04,0.01,2.64,102.45
2023,5,19,11.57,6.41,0.16,4.14,102.37
2023,5,20,12.32,6.65,0.1,3.62,102.15
2023,5,21,12.65,7.02,0.05,3.79,101.75
2023,5,22,12.87,7.51,0.21,5.83,101.64
2023,5,23,11.51,6.29,0.05,4.8,102.22
2023,5,24,12.63,7.32,0.07,2.36,102.14
2023,5,25,11.65,6.84,0.06,2.66,102.63
2023,5,26,11.36,6.29,0,2.8,102.84
2023,5,27,11.48,6.53,0,2.38,102.32
2023,5,28,12.56,6.59,0,5.12,102.07
2023,5,29,10.71,5.74,0.01,3.71,102.49
2023,5,30,11.66,6.84,0.19,3.89,102.59
2023,5,31,12.25,7.2,0.27,3.52,102.4
2023,6,1,12,6.65,0.09,3.07,102.2
2023,6,2,11.83,6.23,0.03,3.71,102.1
2023,6,3,13.18,7.32,0.02,3.44,102.04
2023,6,4,12.4,6.84,0.01,2.61,102.12
2023,6,5,12.17,6.59,0.07,2.99,102.09
2023,6,6,12.23,6.65,0.11,3,102.02
2023,6,7,12.28,6.9,0.01,2.78,101.9
2023,6,8,12.87,7.14,0.01,3.34,101.58
2023,6,9,14.81,8.48,0.01,2.23,101.19
2023,6,10,17.5,9.77,0.08,4.02,101.1
2023,6,11,19.19,10.68,0.05,2.4,101.1
2023,6,12,18.99,10.56,0.12,3.32,101.12
2023,6,13,17.07,8.97,0.09,4.73,101.16
2023,6,14,16.57,8.97,0.09,2.91,101.43
2023,6,15,17.26,9.34,0.18,2.05,101.69
2023,6,16,16.73,8.06,0,1.45,101.6
2023,6,17,16.2,8.18,0.45,3.01,101.14
2023,6,18,18.13,11.41,5.5,3.09,100.54
2023,6,19,19.21,10.86,0.43,3.47,100.56
2023,6,20,18.44,11.66,3.83,5.06,100.45
2023,6,21,19.4,10.62,0.41,3.17,101.11
2023,6,22,19.33,10.68,0.24,2.28,101.48
2023,6,23,19.23,10.74,0.17,2.65,101.88
2023,6,24,21.01,11.72,0.12,3.02,101.81
2023,6,25,21.52,11.6,0.02,5.17,101.04
2023,6,26,17.44,8.79,0.39,4.43,101.37
2023,6,27,17.56,9.34,2.05,2.7,101.54
2023,6,28,20.45,12.45,2.08,1.73,101.15
2023,6,29,17.36,9.58,7.51,5.69,101.1
2023,6,30,16.64,8.54,0.8,7.94,100.61
2023,7,1,17.73,9.22,0.35,3.3,100
2023,7,2,15.9,7.14,0.01,3.02,100.51
2023,7,3,15.05,7.51,0.95,4.96,100.42
2023,7,4,14.69,8.24,12.88,5.27,100.48
2023,7,5,15.45,8.3,7.67,6.22,100.45
2023,7,6,16.28,8.12,0.03,2.02,101.12
2023,7,7,19.22,9.77,0,3.18,101.27
2023,7,8,21.41,11.72,4.35,5,101.19
2023,7,9,19.44,10.74,2.01,2.98,101.47
2023,7,10,18.98,9.46,0.08,3.83,101.43
2023,7,11,19.22,9.89,0.72,3.58,100.49
2023,7,12,17.45,9.09,1.5,4.02,100.57
2023,7,13,17.15,9.22,0.85,2.41,101.05
2023,7,14,16.56,10.01,19.24,5.31,100.45
2023,7,15,18.02,9.58,1.14,8.03,99.59
2023,7,16,17.12,8.67,0.44,5.56,100.36
2023,7,17,16.61,8.54,1.32,4.33,101.23
2023,7,18,17.01,8.97,2.84,3.04,101.35
2023,7,19,16.45,9.77,6.45,3.27,101.02
2023,7,20,16.21,8.48,0.48,1.51,101.09
2023,7,21,15.06,8.18,1.39,3.61,100.85
2023,7,22,15.31,9.16,8.87,6.66,100.46
2023,7,23,19.01,10.93,2.75,6.67,99.72
2023,7,24,14.65,8.79,2.79,5.95,100.12
2023,7,25,14.81,7.51,0.78,2.22,100.55
2023,7,26,16.18,8,9.95,2.52,100.64
2023,7,27,19.65,12.33,7.47,4.88,99.75
2023,7,28,19.69,11.72,1.07,4.32,100.06
2023,7,29,18.55,9.58,0.47,3.65,100.09
2023,7,30,17.06,9.46,2.27,4.21,100.41
2023,7,31,17.46,10.38,2.41,3.88,99.81
2023,8,1,16.93,9.52,1.37,6.93,99.5
2023,8,2,17.72,10.56,7.45,7.88,98.3
2023,8,3,16.37,9.16,2.11,6.09,99.94
2023,8,4,16.12,9.52,5.56,3.13,101.17
2023,8,5,14.4,8.97,18.23,4.84,100.42
2023,8,6,14.57,7.87,2.15,6.27,100.96
2023,8,7,15.38,8.12,0.27,3.76,101.29
2023,8,8,14.76,8.48,0.9,4.96,100.94
2023,8,9,17.16,8.67,0.16,4.48,101.28
2023,8,10,19.8,10.38,0.03,3.01,101.5
2023,8,11,19.9,11.54,0.31,3.35,101.22
2023,8,12,18.76,10.01,0.26,5.64,100.89
2023,8,13,18.41,9.89,0.31,3.93,100.87
2023,8,14,18.96,11.05,3.03,3.41,100.68
2023,8,15,19,9.64,0.13,4.62,101.12
2023,8,16,19.19,10.25,0.09,2.27,101.69
2023,8,17,17.88,9.95,0.14,3.3,101.71
2023,8,18,18.91,11.66,2.65,2.05,101.07
2023,8,19,20.89,11.72,10,4.09,100.91
2023,8,20,18.86,10.25,0.19,2.35,101.7
2023,8,21,18.72,9.89,0.01,2.56,101.79
2023,8,22,19,10.07,0.06,3.15,101.53
2023,8,23,18.87,10.44,0.1,2.97,101.52
2023,8,24,20.21,12.21,7.17,2.66,100.76
2023,8,25,16.45,8.18,0.37,1.88,100.45
2023,8,26,15.29,8.67,3.44,1.88,100.36
2023,8,27,14.91,8.54,2.65,3.52,100.5
2023,8,28,15.75,8.67,1.2,3.56,100.9
2023,8,29,16.17,8.73,1.8,1.72,100.66
2023,8,30,14.56,7.81,1.33,4.05,100.28
2023,8,31,14.84,8.18,1.42,1.88,100.55
2023,9,1,17.19,10.56,3.84,1.78,100.77
2023,9,2,17.13,9.89,0.5,3.36,101.78
2023,9,3,17.6,10.01,0.04,2.38,102.31
2023,9,4,18.62,10.93,0.04,2.45,102.01
2023,9,5,19.06,11.72,0.14,2.73,101.46
2023,9,6,20.76,12.7,0.02,1.86,101.49
2023,9,7,20.71,12.45,0.06,3.15,101.33
2023,9,8,20.35,11.47,0.03,1.73,101.23
2023,9,9,22.23,12.51,0.01,1.99,101.2
2023,9,10,22.26,13.49,0.81,2.64,101.06
2023,9,11,20.45,11.84,0.46,3.55,100.81
2023,9,12,17.8,11.23,12.45,5.89,100.95
2023,9,13,15.71,8.24,0.24,5.4,101.7
2023,9,14,16.6,9.09,0.05,2.98,101.64
2023,9,15,17.74,10.74,0.05,3.45,101.14
2023,9,16,17.53,11.17,0.39,3.3,101.03
2023,9,17,17.41,10.56,8.74,2.81,100.76
2023,9,18,17.14,10.13,11.4,6.53,99.69
2023,9,19,16.14,9.58,1.95,8,99.88
2023,9,20,18.41,10.68,12.46,7.22,99.33
2023,9,21,13.45,8.24,0.77,2.73,99.14
2023,9,22,13.39,7.75,7.1,3.64,99.6
2023,9,23,12.54,7.2,0.35,2.9,101.01
2023,9,24,15.77,8.48,0.06,6.2,101.37
2023,9,25,16.94,9.09,0.07,5.55,101.41
2023,9,26,16.86,10.25,1.89,5.46,101.26
2023,9,27,16.57,10.31,0.12,9.13,100.96
2023,9,28,15.8,8.73,2.1,3.76,100.83
2023,9,29,15.84,8.85,0.61,4.71,101.29
2023,9,30,13.85,7.93,0.61,4.57,101.95
2023,10,1,17.81,11.11,0.29,4.55,101.47
2023,10,2,17.14,11.35,7.87,2.62,101.11
2023,10,3,14.28,8.12,2.41,6.23,101.18
2023,10,4,12.94,7.45,0.09,3.93,101.95
2023,10,5,14.51,8.12,1.58,2.15,101.84
2023,10,6,16.24,9.58,0.84,3.71,101.63
2023,10,7,16.57,9.34,0.01,5.4,101.65
2023,10,8,16.3,10.13,0.11,2.56,101.9
2023,10,9,16.58,10.19,0.02,4.45,101.64
2023,10,10,15.93,9.09,0.01,3.65,101.08
2023,10,11,15.46,9.83,16.82,4.97,100.64
2023,10,12,13.12,8.06,3.46,2.88,100.74
2023,10,13,15.56,10.07,18.09,8.32,99.6
2023,10,14,8.81,5.55,0.19,3.95,101.05
2023,10,15,6.13,4.58,0.05,5.23,102
2023,10,16,7.52,5.43,0.33,2.59,101.84
2023,10,17,10.97,6.35,0.04,5.45,101.24
2023,10,18,13.25,7.93,17.01,6.62,99.38
2023,10,19,15.51,10.56,4.79,6.84,98.12
2023,10,20,13.13,9.4,37.1,8.73,97.3
2023,10,21,12.21,8.67,8.18,6.59,98.05
2023,10,22,9.13,6.29,0.17,2.99,100.07
2023,10,23,10.19,7.39,2.74,2.83,100.48
2023,10,24,10.21,7.32,1.35,4.59,99.63
2023,10,25,8.65,6.41,0.18,2.21,99.23
2023,10,26,10.17,7.69,4.11,5.78,98.76
2023,10,27,9.64,7.32,2.96,1.99,98.59
2023,10,28,11.42,8,12.27,3.33,98.38
2023,10,29,10.51,7.45,1.85,2.37,98.34
2023,10,30,10.15,7.45,6.06,4.15,99.11
2023,10,31,9.19,7.14,3.52,2.61,99.56
2023,11,1,10.94,7.75,5.86,7.45,98.69
2023,11,2,10.64,7.63,18.26,9.67,96.06
2023,11,3,8.98,6.59,2.06,5.84,97.49
2023,11,4,8.51,6.84,5.28,6.45,96.63
2023,11,5,8.55,6.53,1.87,6.97,97.37
2023,11,6,8.18,6.1,0.47,2.18,99.22
2023,11,7,7.58,5.98,0.55,2.63,100.2
2023,11,8,7.96,6.47,5.22,8.82,99.95
2023,11,9,6.51,5.68,1.52,3.73,99.13
2023,11,10,6.02,5.55,0.54,4.26,99.1
2023,11,11,4.96,5.31,0.29,4.05,100.1
2023,11,12,6.32,5.8,0.95,2.9,100
2023,11,13,10.87,7.14,8.04,9.78,99.19
2023,11,14,9.59,7.14,2.61,5.02,99.72
2023,11,15,7.85,5.92,0.58,4.95,100.88
2023,11,16,6.55,5.68,2.99,3.05,100.93
2023,11,17,5.81,5.43,1.2,1.8,101.43
2023,11,18,10.44,7.69,8.99,7.38,100.57
2023,11,19,10.37,7.39,2.62,2.79,100.01
2023,11,20,7.9,6.41,0.6,4.77,100.36
2023,11,21,8.8,6.59,1.16,5.72,101.74
2023,11,22,6.42,5.74,0.19,4.62,102.31
2023,11,23,10.1,6.96,0.33,4.17,101.65
2023,11,24,5.6,4.58,0.21,3.67,101.38
2023,11,25,3.6,4.58,0.42,4.02,101.44
2023,11,26,3.03,4.46,3.49,3.09,100.99
2023,11,27,5.14,5.31,14.87,5.88,99.51
2023,11,28,3.68,4.46,0.72,4.65,100.32
2023,11,29,0.49,3.85,1.59,4.35,99.98
2023,11,30,0.84,3.54,0.81,2.95,99.91
2023,12,1,0.88,3.6,0.76,1.56,100.4
2023,12,2,-0.7,3.42,0.39,1.66,101.05
2023,12,3,2.8,4.58,11.98,5.15,100.67
2023,12,4,4.77,5.13,8.05,3.63,99.55
2023,12,5,4.44,4.88,2.39,2.12,100.33
2023,12,6,3.15,4.15,0.09,2.67,101.28
2023,12,7,4.79,4.94,9.95,6.82,100.56
2023,12,8,6.33,5.86,0.46,3.77,99.93
2023,12,9,8.02,6.23,12.41,9.65,99
2023,12,10,7.44,5.98,2.9,10.01,99.36
2023,12,11,7.8,6.23,0.64,8.8,99.66
2023,12,12,7.86,6.53,6.84,3.23,99.33
2023,12,13,6.78,5.92,2,6.59,99.65
2023,12,14,4.03,4.88,0.56,1.53,101.57
2023,12,15,4.51,4.88,0.04,2.72,102.97
2023,12,16,7.6,6.1,0.52,1.7,103.19
2023,12,17,8.47,6.23,0.28,2.65,102.74
2023,12,18,9.54,6.9,1.07,2.21,102.12
2023,12,19,8.25,6.53,20.43,5.02,101.36
2023,12,20,6.86,5.86,1.61,1.99,100.89
2023,12,21,9.7,6.35,0.7,6.94,99.77
2023,12,22,8.92,6.29,0.78,3.89,100.29
2023,12,23,9.11,6.41,0.8,2.48,100.38
2023,12,24,11.99,8,1.58,3.16,99.69
2023,12,25,10.07,7.2,5.25,3.86,99.99
2023,12,26,5.64,5.07,0.02,8.79,100.95
2023,12,27,8.61,6.59,7.61,10.34,100.2
2023,12,28,10.06,6.53,0.63,3.91,99.79
2023,12,29,6.87,5.8,1.15,4.99,100
2023,12,30,6.83,6.04,0.55,8.05,100
2023,12,31,7.84,6.23,4.81,7.12,98.35
2024,1,1,6.69,5.55,11.11,6.91,99.33
